facility_type,monthly_energy_kwh,renewable_energy_pct,peak_load_factor,facility_area_sqm,operational_days_year,equipment_efficiency_rating,logistics_distance_km,fuel_consumed_liters,waste_recycled_pct,water_usage_m3,annual_carbon_footprint_mt,energy_intensity_kwh_sqm,eco_composite_score,sustainability_tier
Data Center,859339.5,50.5,0.71,20572.5,360,3.22,1170.5,1147.9,61.7,7151.8,2524.74,501.3,47.8,Moderate (Tier C)
Healthcare,1095510.0,14.3,0.83,28328.3,365,3.84,12691.1,3040.5,72.5,39274.0,5159.72,464.1,35.2,Moderate (Tier C)
Logistics Hub,572152.9,29.9,0.47,57555.1,280,3.2,19563.9,10802.2,48.4,5833.5,3492.26,119.3,52.2,Moderate (Tier C)
Commercial Office,380694.8,54.2,0.56,24484.7,260,4.15,3499.3,2444.1,33.0,8495.0,1782.2,186.6,53.3,Moderate (Tier C)
Manufacturing,2568186.5,38.8,0.66,65862.0,350,2.09,27692.5,5078.8,72.4,76836.9,9514.39,467.9,31.5,High Risk (Tier D)
Manufacturing,746073.8,60.6,0.79,45764.7,350,1.81,30519.4,8182.1,62.0,38176.2,2565.29,195.6,43.2,Moderate (Tier C)
Manufacturing,551590.1,34.7,0.87,21360.3,250,2.44,36221.0,5297.7,63.4,22222.2,2484.71,309.9,40.2,Moderate (Tier C)
Healthcare,410598.5,23.0,0.76,11534.8,365,3.97,4184.2,4631.7,25.3,15561.3,1906.55,427.2,31.9,High Risk (Tier D)
Commercial Office,45219.0,25.6,0.66,2661.9,260,3.97,2426.6,1616.8,42.8,312.9,269.77,203.8,47.5,Moderate (Tier C)
Logistics Hub,741794.3,17.3,0.55,53808.0,280,3.94,46159.6,17877.6,73.5,4072.1,4190.64,165.4,51.3,Moderate (Tier C)
Manufacturing,1105388.8,29.8,0.62,47595.1,250,4.21,12674.7,5880.5,24.5,23987.5,5446.08,278.7,41.4,Moderate (Tier C)
Healthcare,590089.6,42.0,0.85,27205.2,365,3.27,9020.2,5376.4,37.8,30360.1,2886.79,260.3,44.3,Moderate (Tier C)
Logistics Hub,502160.2,50.6,0.75,36645.1,320,3.23,59796.6,10248.9,35.3,4277.0,2419.31,164.4,56.9,Efficient (Tier B)
Manufacturing,2468819.8,29.3,0.83,72508.3,350,3.25,8867.1,7404.5,63.2,71097.8,9676.4,408.6,35.5,Moderate (Tier C)
Manufacturing,2641888.0,63.9,0.67,61704.2,350,2.21,44699.3,13124.0,53.9,48497.2,6817.69,513.8,46.9,Moderate (Tier C)
Manufacturing,893108.0,13.2,0.83,50533.1,250,3.44,25273.5,3911.6,34.8,18030.1,5544.22,212.1,38.8,Moderate (Tier C)
Data Center,584569.5,61.1,0.79,15250.2,365,4.11,1874.9,914.6,68.4,7142.0,1377.78,460.0,55.6,Efficient (Tier B)
Commercial Office,414965.2,62.1,0.8,27743.0,240,3.4,4258.6,1053.2,68.8,7266.4,1336.9,179.5,63.2,Efficient (Tier B)
Data Center,1053960.6,69.1,0.74,20974.4,365,3.61,864.1,925.4,59.0,6378.6,2106.89,603.0,42.7,Moderate (Tier C)
Data Center,1625483.6,86.4,0.91,34268.3,365,3.96,1911.8,1291.5,85.6,9715.7,1483.5,569.2,65.1,Efficient (Tier B)
Commercial Office,232402.3,87.2,0.74,10890.9,240,3.35,1011.3,161.9,60.7,1530.7,334.1,256.1,62.5,Efficient (Tier B)
Manufacturing,2035972.2,6.2,0.69,72778.4,300,4.17,16110.1,12217.4,59.2,21855.3,11024.34,335.7,43.4,Moderate (Tier C)
Data Center,614258.5,69.1,0.84,15943.9,360,3.92,761.7,1990.8,94.1,3741.5,1047.01,462.3,60.2,Efficient (Tier B)
Data Center,365003.1,63.8,0.73,12175.4,360,3.53,1299.9,1444.9,52.6,6950.1,1020.49,359.7,50.6,Moderate (Tier C)
Commercial Office,94431.6,48.7,0.51,8514.1,260,3.71,3695.6,413.7,37.7,3116.0,509.66,133.1,54.7,Moderate (Tier C)
Logistics Hub,403970.7,39.3,0.69,38904.4,280,3.27,58372.0,7480.1,77.4,2986.3,1945.24,124.6,53.3,Moderate (Tier C)
Manufacturing,1694922.1,61.1,0.66,47839.6,250,2.38,5484.8,4894.4,82.4,56368.8,4161.66,425.2,44.8,Moderate (Tier C)
Commercial Office,149337.7,79.8,0.64,15659.9,240,3.65,2495.1,458.2,40.8,2163.6,578.65,114.4,69.4,Efficient (Tier B)
Commercial Office,391788.8,74.0,0.66,20247.9,240,3.56,6387.6,2241.0,45.5,7827.8,1043.28,232.2,53.0,Moderate (Tier C)
Manufacturing,1539415.6,39.7,0.68,54728.8,300,4.31,15122.3,11374.0,45.1,57061.2,6406.5,337.5,47.7,Moderate (Tier C)
Commercial Office,163230.5,66.0,0.76,14603.5,240,3.69,1626.3,1869.8,27.7,3704.4,798.7,134.1,56.0,Efficient (Tier B)
Manufacturing,566009.3,25.8,0.62,15511.5,350,1.83,43260.1,10850.1,42.7,9585.0,2690.59,437.9,26.7,High Risk (Tier D)
Manufacturing,2102747.9,34.7,0.66,60352.5,350,2.91,26984.6,11966.4,25.4,21838.0,9471.64,418.1,30.3,High Risk (Tier D)
Healthcare,1148555.9,25.3,0.85,27042.3,365,3.26,14687.9,4270.2,34.3,11127.1,4955.27,509.7,25.3,High Risk (Tier D)
Healthcare,464700.2,16.8,0.77,10562.4,365,4.59,6188.8,1451.2,46.7,9736.1,2381.84,527.9,36.4,Moderate (Tier C)
Logistics Hub,880622.3,36.1,0.62,74819.3,320,2.76,30222.0,16993.2,55.9,7102.1,5312.72,141.2,49.1,Moderate (Tier C)
Data Center,844613.3,94.4,0.94,18182.1,360,4.86,3541.9,1092.9,76.9,3775.1,448.83,557.4,71.6,Efficient (Tier B)
Manufacturing,1266167.0,56.0,0.68,30600.0,350,2.48,35201.7,7526.5,70.5,32368.6,3378.48,496.5,43.4,Moderate (Tier C)
Commercial Office,213585.7,66.4,0.64,20372.5,240,3.12,4546.7,1847.1,31.0,2697.0,995.49,125.8,56.3,Efficient (Tier B)
Data Center,1429248.2,35.3,0.74,33953.9,360,4.47,2940.1,1262.6,71.1,17147.3,5103.49,505.1,50.9,Moderate (Tier C)
Manufacturing,2256817.7,55.9,0.79,54777.5,250,2.23,23462.3,2112.0,84.5,28594.5,5779.23,494.4,45.5,Moderate (Tier C)
Commercial Office,65067.0,66.6,0.73,4777.0,240,3.22,6067.6,2056.3,49.4,1359.0,294.57,163.5,58.7,Efficient (Tier B)
Manufacturing,1383082.5,30.8,0.85,45015.2,300,1.9,34829.4,4429.8,41.3,52319.7,6224.53,368.7,26.3,High Risk (Tier D)
Healthcare,373386.3,63.2,0.87,13508.9,365,4.79,6788.0,3132.8,52.6,16133.3,1136.96,331.7,56.5,Efficient (Tier B)
Data Center,660482.8,44.2,0.87,16745.8,365,3.06,1251.0,526.4,88.1,7244.3,1875.76,473.3,50.4,Moderate (Tier C)
Commercial Office,295174.1,75.4,0.49,16283.1,260,3.79,4705.0,1548.4,42.5,4932.8,855.2,217.5,70.3,Efficient (Tier B)
Data Center,1262621.6,80.1,0.72,29751.5,360,4.39,3856.7,1967.5,68.6,9696.2,1894.13,509.3,62.0,Efficient (Tier B)
Commercial Office,120997.8,89.9,0.71,12457.0,240,2.7,2154.6,1535.7,85.7,3994.9,191.47,116.6,73.5,Efficient (Tier B)
Commercial Office,277835.9,70.5,0.67,19991.8,260,2.91,5644.3,2478.7,86.8,6480.7,587.41,166.8,68.7,Efficient (Tier B)
Manufacturing,741330.7,41.3,0.89,23190.9,350,1.87,5967.7,11980.4,39.4,12656.7,3142.23,383.6,31.6,High Risk (Tier D)
Healthcare,1133583.4,37.5,0.76,42805.1,365,4.55,12945.1,1767.7,46.6,54915.0,4507.37,317.8,49.3,Moderate (Tier C)
Logistics Hub,143189.4,25.8,0.65,23676.2,320,4.32,50109.6,4098.4,37.9,1455.0,1282.35,72.6,50.8,Moderate (Tier C)
Healthcare,980040.4,26.5,0.77,22756.9,365,2.83,5675.7,1031.9,35.2,10011.1,4005.83,516.8,33.2,High Risk (Tier D)
Healthcare,1647210.0,61.2,0.74,37123.7,365,3.66,12982.3,2194.3,22.6,21235.5,4514.18,532.5,44.6,Moderate (Tier C)
Commercial Office,307069.0,64.8,0.57,19351.6,260,3.45,3105.1,2259.6,87.6,2061.9,713.79,190.4,66.7,Efficient (Tier B)
Healthcare,1247308.7,25.4,0.66,28726.2,365,3.64,5382.1,4600.3,56.0,42498.3,5636.59,521.0,34.4,High Risk (Tier D)
Manufacturing,731125.9,55.4,0.74,22876.3,250,4.36,43694.2,4196.2,47.2,7316.6,2319.47,383.5,50.8,Moderate (Tier C)
Manufacturing,560198.0,43.4,0.76,15774.6,250,2.41,21159.1,8510.5,59.8,15972.3,2102.03,426.2,30.5,High Risk (Tier D)
Manufacturing,998048.9,33.8,0.73,24699.6,250,4.35,38999.0,10028.3,62.3,17686.5,4179.94,484.9,47.5,Moderate (Tier C)
Data Center,580635.7,38.9,0.83,21363.0,360,3.71,4901.3,1629.2,88.0,10646.3,1892.51,326.2,54.8,Moderate (Tier C)
Data Center,1100247.7,30.3,0.89,21345.4,365,3.41,4450.2,1783.2,64.8,15418.8,4407.35,618.5,39.3,Moderate (Tier C)
Data Center,1797289.9,77.9,0.71,34549.7,365,3.19,2046.5,708.4,60.5,15009.7,2418.25,624.2,50.2,Moderate (Tier C)
Logistics Hub,450964.9,65.5,0.43,44360.3,280,4.43,24169.5,11326.6,64.7,4765.5,1647.06,122.0,72.6,Efficient (Tier B)
Data Center,1272231.2,24.1,0.8,24037.5,360,4.79,2840.9,1005.7,73.7,12852.6,4792.56,635.1,49.2,Moderate (Tier C)
Data Center,896390.6,65.6,0.74,15893.0,360,3.28,1409.1,531.6,48.4,11703.5,1910.64,676.8,44.7,Moderate (Tier C)
Commercial Office,238065.4,51.4,0.48,14329.1,260,2.77,6048.0,867.2,33.0,5681.8,1017.15,199.4,48.5,Moderate (Tier C)
Manufacturing,1410733.2,41.9,0.9,57137.1,300,2.95,11489.3,2151.3,66.8,45925.6,5212.08,296.3,47.0,Moderate (Tier C)
Logistics Hub,439553.2,63.2,0.66,72866.8,280,3.17,28342.0,16854.9,89.3,5257.3,1702.99,72.4,69.1,Efficient (Tier B)
Manufacturing,2369588.1,12.9,0.69,68584.2,300,4.01,40192.9,8305.2,25.7,35657.4,12396.24,414.6,26.8,High Risk (Tier D)
Healthcare,1055581.6,44.6,0.88,34605.9,365,4.28,4486.4,3991.6,60.6,30420.5,4027.92,366.0,49.4,Moderate (Tier C)
Logistics Hub,1076326.3,14.9,0.49,67402.7,280,2.75,45428.0,8551.5,40.5,12622.2,7035.21,191.6,31.8,High Risk (Tier D)
Manufacturing,1431589.4,30.2,0.85,65622.9,350,2.01,18615.2,12396.6,24.5,32416.2,7967.47,261.8,29.5,High Risk (Tier D)
Manufacturing,1624190.5,68.5,0.83,59605.1,250,3.87,36537.9,9979.8,63.6,31844.5,4041.51,327.0,60.0,Efficient (Tier B)
Logistics Hub,331347.7,66.2,0.56,51428.6,320,2.95,32172.5,5803.9,58.7,6817.0,1731.84,77.3,66.7,Efficient (Tier B)
Logistics Hub,169441.8,62.8,0.41,16170.0,320,3.06,53625.4,8091.1,78.3,3753.9,815.63,125.7,65.1,Efficient (Tier B)
Logistics Hub,283249.8,25.3,0.65,16170.4,365,3.76,38970.4,12891.2,37.2,2263.3,1995.16,210.2,44.2,Moderate (Tier C)
Logistics Hub,163763.4,31.0,0.42,19442.2,280,3.44,28556.9,12377.0,74.6,2127.9,1177.63,101.1,55.2,Efficient (Tier B)
Manufacturing,552570.2,42.2,0.86,13129.3,250,2.69,18616.2,13868.3,74.5,11337.9,2157.52,505.0,37.6,Moderate (Tier C)
Data Center,542638.4,60.9,0.77,13558.7,360,4.71,2846.5,314.6,46.3,9475.2,1302.08,480.3,52.5,Moderate (Tier C)
Manufacturing,680880.4,10.8,0.8,16100.7,250,1.97,43233.0,2301.7,79.2,14893.3,3494.47,507.5,30.0,High Risk (Tier D)
Healthcare,590265.7,57.3,0.74,25184.0,365,3.13,4217.6,5730.2,55.2,22408.0,2025.54,281.3,52.2,Moderate (Tier C)
Commercial Office,206126.6,70.8,0.53,20939.9,260,3.62,5391.7,2381.3,57.9,5867.3,757.21,118.1,68.1,Efficient (Tier B)
Data Center,660218.5,49.9,0.76,24023.1,365,3.08,3218.3,1833.3,64.8,8247.5,2060.2,329.8,41.5,Moderate (Tier C)
Manufacturing,1372049.2,8.5,0.74,40743.1,250,3.08,28634.7,8444.1,74.2,43543.1,6599.4,404.1,31.8,High Risk (Tier D)
Data Center,1060265.3,43.7,0.82,30317.7,365,4.14,2807.0,728.3,44.8,23012.7,3852.85,419.7,39.9,Moderate (Tier C)
Data Center,681479.8,48.3,0.79,23512.0,365,4.15,633.5,1415.8,91.1,5335.2,1898.3,347.8,53.6,Moderate (Tier C)
Logistics Hub,259141.5,76.9,0.66,25738.3,280,3.93,42355.7,8331.2,79.3,5527.5,937.66,120.8,71.6,Efficient (Tier B)
Commercial Office,34560.3,64.9,0.47,2043.8,240,4.41,804.2,2191.8,77.0,361.8,154.81,202.9,67.0,Efficient (Tier B)
Healthcare,725396.0,55.0,0.8,32518.6,365,3.9,13704.2,2902.0,42.7,24492.6,2708.65,267.7,55.0,Efficient (Tier B)
Commercial Office,342552.4,80.5,0.76,20090.7,240,2.52,5270.7,2291.9,72.1,5701.2,669.67,204.6,62.5,Efficient (Tier B)
Manufacturing,750437.2,39.0,0.62,17836.3,300,2.18,5468.3,7064.4,57.5,10087.1,2918.0,504.9,29.7,High Risk (Tier D)
Logistics Hub,117747.0,69.6,0.6,17843.0,365,3.43,51752.5,4943.4,54.2,2274.6,824.28,79.2,64.7,Efficient (Tier B)
Logistics Hub,241600.7,74.2,0.7,20045.0,320,3.39,50927.1,15513.9,55.9,4440.2,1282.87,144.6,66.4,Efficient (Tier B)
Commercial Office,176500.1,27.4,0.58,10928.3,240,2.56,3447.3,1362.0,67.0,2770.4,873.08,193.8,45.1,Moderate (Tier C)
Logistics Hub,266953.7,15.0,0.73,17910.6,365,2.55,44062.0,12916.6,54.6,2115.6,1944.25,178.9,37.3,Moderate (Tier C)
Commercial Office,187279.0,27.6,0.66,10714.1,260,4.44,4851.7,1443.3,88.2,1409.7,791.54,209.8,54.9,Moderate (Tier C)
Commercial Office,182097.0,27.0,0.64,8397.6,240,3.38,792.5,174.3,26.5,1817.2,1006.05,260.2,35.4,Moderate (Tier C)
Data Center,1136480.1,47.8,0.77,27686.4,365,4.67,2166.8,874.6,94.7,13411.4,3238.26,492.6,65.8,Efficient (Tier B)
Manufacturing,802009.0,15.8,0.78,45449.8,300,2.85,20420.5,6084.6,56.0,35781.1,4469.1,211.8,34.1,High Risk (Tier D)
Manufacturing,1711548.2,40.5,0.85,45210.8,350,2.76,38072.6,10508.2,64.0,20772.3,6424.08,454.3,39.1,Moderate (Tier C)
Manufacturing,1009091.1,39.2,0.76,25277.4,250,3.37,10567.9,7328.5,46.1,21829.9,3732.17,479.0,44.1,Moderate (Tier C)
Commercial Office,606231.4,78.9,0.67,29827.8,240,4.32,3960.8,1854.0,71.2,4307.0,1062.69,243.9,69.6,Efficient (Tier B)
Data Center,954429.2,77.2,0.85,32208.3,360,4.44,2900.2,1765.9,46.9,8966.5,1791.88,355.6,65.6,Efficient (Tier B)
Commercial Office,287479.6,71.6,0.76,24237.9,260,4.73,7618.3,1331.0,57.0,3104.9,921.03,142.3,70.6,Efficient (Tier B)
Healthcare,619575.8,31.7,0.78,19190.6,365,3.93,7735.9,3949.9,59.9,27070.4,2672.54,387.4,36.1,Moderate (Tier C)
Manufacturing,1954196.1,12.6,0.73,68139.4,350,3.86,27941.2,13472.6,75.5,32736.0,10047.47,344.2,38.4,Moderate (Tier C)
Data Center,993125.4,28.8,0.92,18174.5,365,3.62,1652.2,255.4,80.4,14229.2,3924.08,655.7,40.3,Moderate (Tier C)
Logistics Hub,1102856.9,66.3,0.41,64568.8,365,3.89,21049.6,8191.5,46.7,7860.8,3509.06,205.0,55.3,Efficient (Tier B)
Manufacturing,1036062.9,8.1,0.6,23695.8,350,2.34,44785.9,3077.7,42.2,7158.2,5454.15,524.7,18.4,High Risk (Tier D)
Manufacturing,872986.5,12.3,0.6,51138.9,250,4.02,37367.3,12613.1,45.9,47560.8,5640.96,204.9,45.1,Moderate (Tier C)
Data Center,929280.6,90.6,0.87,26694.5,365,3.13,2069.7,399.8,44.0,18284.2,1083.62,417.7,52.0,Moderate (Tier C)
Manufacturing,2211296.0,10.1,0.69,72082.5,250,3.15,36780.6,10485.0,46.2,24883.1,12084.88,368.1,26.7,High Risk (Tier D)
Healthcare,488466.1,29.3,0.72,18925.7,365,4.41,14080.0,2906.5,46.2,26434.0,2387.68,309.7,49.4,Moderate (Tier C)
Logistics Hub,395679.7,60.4,0.74,29691.9,280,2.93,33725.5,14634.6,82.0,2600.1,1575.74,159.9,59.4,Efficient (Tier B)
Commercial Office,286855.7,75.3,0.64,14710.5,260,4.07,2314.5,1813.5,60.9,5101.0,686.01,234.0,67.9,Efficient (Tier B)
Healthcare,642246.7,47.8,0.84,27246.3,365,3.34,8457.0,2278.2,23.0,14909.5,2467.95,282.9,36.7,Moderate (Tier C)
Logistics Hub,581146.2,50.8,0.4,63661.9,320,4.07,47176.7,12308.8,58.0,14587.8,2872.36,109.5,60.2,Efficient (Tier B)
Manufacturing,1388193.3,45.0,0.62,32124.1,350,4.03,10197.2,8779.8,79.0,34690.6,4301.41,518.6,49.8,Moderate (Tier C)
Healthcare,1310714.1,43.9,0.74,42890.4,365,4.67,10776.8,1403.3,71.2,19151.5,4369.04,366.7,57.8,Efficient (Tier B)
Commercial Office,447704.2,86.3,0.5,25639.0,240,4.14,5497.9,2418.5,70.7,8417.6,724.18,209.5,70.8,Efficient (Tier B)
Logistics Hub,218949.7,40.3,0.67,34373.4,280,2.6,31202.3,17395.2,57.5,5158.8,1677.15,76.4,49.0,Moderate (Tier C)
Healthcare,459555.0,61.0,0.74,15728.7,365,2.9,11978.4,2965.8,31.7,20516.4,1690.4,350.6,42.9,Moderate (Tier C)
Data Center,1026643.3,89.1,0.92,24720.6,365,4.59,3893.1,264.7,46.9,10799.0,1036.84,498.4,64.3,Efficient (Tier B)
Manufacturing,2561864.8,9.1,0.62,57911.3,300,2.34,40608.6,5448.9,27.2,36542.4,13860.68,530.9,13.9,High Risk (Tier D)
Manufacturing,1002422.8,71.4,0.85,43531.0,300,2.45,41442.7,12059.2,22.0,40851.5,3549.25,276.3,43.1,Moderate (Tier C)
Data Center,990223.9,67.6,0.93,27086.0,360,3.02,2588.4,1934.3,57.2,13852.3,2127.27,438.7,51.0,Moderate (Tier C)
Logistics Hub,982775.1,35.7,0.58,65309.4,320,4.21,40891.0,5069.4,40.9,8262.7,5175.34,180.6,48.2,Moderate (Tier C)
Healthcare,682479.9,44.1,0.74,24113.8,365,4.28,4902.4,4137.7,56.5,24782.1,2459.55,339.6,51.3,Moderate (Tier C)
Manufacturing,1888676.1,15.7,0.8,45644.8,350,4.04,29245.9,5493.7,78.5,22201.0,8824.95,496.5,38.6,Moderate (Tier C)
Commercial Office,462257.9,85.7,0.66,21883.8,240,4.22,4053.6,238.8,76.0,8476.4,530.38,253.5,76.9,Leader (Tier A)
Data Center,1530528.9,86.2,0.94,34739.8,360,4.55,1422.4,1506.1,86.6,19865.7,1466.95,528.7,71.4,Efficient (Tier B)
Manufacturing,709897.5,28.6,0.89,30484.6,350,2.24,30712.8,11718.3,67.1,35138.2,3546.72,279.4,39.9,Moderate (Tier C)
Manufacturing,757233.3,14.4,0.81,45022.8,300,2.2,5313.7,9571.1,82.3,31646.8,3715.89,201.8,37.3,Moderate (Tier C)
Data Center,699103.3,56.5,0.83,20889.8,365,4.92,3294.1,1871.6,49.9,13714.4,2141.52,401.6,56.7,Efficient (Tier B)
Healthcare,849462.1,69.7,0.87,24968.1,365,3.76,13669.8,4306.6,49.0,13749.9,2198.21,408.3,53.8,Moderate (Tier C)
Data Center,805431.8,58.4,0.73,16755.7,360,4.9,4976.7,1481.1,54.3,13215.0,2011.2,576.8,57.2,Efficient (Tier B)
Commercial Office,232185.2,41.6,0.48,14235.9,260,2.53,606.4,2090.5,70.4,4550.3,929.73,195.7,47.6,Moderate (Tier C)
Logistics Hub,707475.7,42.1,0.74,40688.4,280,4.21,49789.0,8340.0,76.9,3922.7,2759.8,208.7,60.2,Efficient (Tier B)
Data Center,1748574.4,29.4,0.91,33805.0,360,3.02,540.7,842.7,74.9,25547.0,6438.92,620.7,32.3,High Risk (Tier D)
Healthcare,454747.6,38.9,0.86,16216.8,365,4.26,3240.2,3029.3,56.4,7007.1,1737.49,336.5,53.7,Moderate (Tier C)
Healthcare,337135.0,32.3,0.75,12384.6,365,4.64,14912.3,1033.5,41.6,15321.1,1518.7,326.7,44.2,Moderate (Tier C)
Data Center,1578797.1,58.8,0.94,27627.9,365,3.55,3299.2,1986.4,62.9,11929.6,3696.62,685.7,48.1,Moderate (Tier C)
Commercial Office,530711.7,17.7,0.76,25723.6,260,2.73,4294.7,630.0,36.4,2872.8,2845.72,247.6,28.0,High Risk (Tier D)
Data Center,1081598.0,81.4,0.94,31003.1,365,4.44,3035.0,969.5,47.9,12271.1,1711.78,418.6,61.6,Efficient (Tier B)
Data Center,1013878.9,27.4,0.91,17903.1,365,3.84,4011.6,1057.4,72.5,8925.1,4138.65,679.6,43.4,Moderate (Tier C)
Manufacturing,551298.3,33.7,0.86,22098.8,300,1.99,7760.3,13289.4,72.7,16711.8,2685.1,299.4,36.7,Moderate (Tier C)
Commercial Office,321366.7,18.4,0.69,25403.1,260,3.31,6685.9,1337.6,43.9,6071.0,1823.26,151.8,35.1,Moderate (Tier C)
Commercial Office,378515.8,88.0,0.64,28068.3,240,2.5,3624.2,1354.0,39.7,3266.9,942.21,161.8,57.9,Efficient (Tier B)
Manufacturing,718071.4,49.8,0.67,29772.9,350,1.94,12644.7,5721.0,47.0,28538.9,2952.9,289.4,39.6,Moderate (Tier C)
Data Center,1286876.7,86.7,0.92,27772.1,365,4.43,4175.5,526.9,84.4,11735.5,1127.51,556.0,69.4,Efficient (Tier B)
Healthcare,1726760.5,52.6,0.75,44439.8,365,3.98,10593.2,1208.0,29.2,44393.0,5726.06,466.3,42.7,Moderate (Tier C)
Manufacturing,1974885.3,14.1,0.89,60741.1,300,3.1,19468.4,13390.5,56.4,52780.6,10426.8,390.2,28.6,High Risk (Tier D)
Manufacturing,2202384.4,37.3,0.65,60747.6,250,4.32,38100.3,10366.5,79.9,57278.5,7998.34,435.1,45.0,Moderate (Tier C)
Commercial Office,390488.8,64.9,0.75,21448.7,240,2.57,889.2,441.2,35.2,3518.0,1275.0,218.5,51.5,Moderate (Tier C)
Healthcare,484998.5,40.4,0.82,12398.4,365,3.67,9141.0,2422.3,41.3,11539.8,1855.83,469.4,34.8,High Risk (Tier D)
Manufacturing,1067120.9,21.4,0.83,68927.2,350,1.83,33148.0,13643.1,65.8,47828.2,6133.15,185.8,35.9,Moderate (Tier C)
Commercial Office,389366.2,87.1,0.79,24879.6,240,3.49,2816.3,1257.4,71.4,3372.4,586.65,187.8,67.8,Efficient (Tier B)
Logistics Hub,611241.7,57.1,0.71,76910.4,280,2.81,28940.5,8060.6,77.8,17249.7,2385.21,95.4,65.1,Efficient (Tier B)
Manufacturing,886864.7,43.4,0.77,26280.4,350,4.25,5486.3,10088.2,38.7,9110.2,3679.33,405.0,45.0,Moderate (Tier C)
Logistics Hub,335025.4,34.9,0.62,34940.5,280,3.36,54509.3,12477.1,35.0,3474.0,2499.63,115.1,47.1,Moderate (Tier C)
Data Center,730897.9,63.7,0.72,15003.9,360,3.75,4750.0,1355.1,50.9,9045.7,1717.61,584.6,51.7,Moderate (Tier C)
Commercial Office,253877.4,48.8,0.49,13713.3,240,3.25,7559.5,2295.4,88.5,1418.6,799.73,222.2,53.3,Moderate (Tier C)
Commercial Office,76580.6,44.8,0.79,4887.4,240,4.2,5784.2,1114.5,42.2,996.8,376.88,188.0,54.5,Moderate (Tier C)
Commercial Office,114399.8,27.9,0.54,7749.3,260,3.76,5673.3,445.5,85.2,2159.0,489.17,177.2,52.0,Moderate (Tier C)
Manufacturing,403086.3,72.6,0.81,14441.7,350,3.48,30940.2,5208.8,36.3,4528.9,1146.43,334.9,54.5,Moderate (Tier C)
Logistics Hub,836158.2,18.2,0.61,58941.7,280,3.55,26228.6,4028.3,56.9,4999.2,4505.27,170.2,46.3,Moderate (Tier C)
Data Center,758469.7,44.7,0.93,23367.7,365,3.41,3144.1,1462.1,40.8,14209.2,2756.81,389.5,41.3,Moderate (Tier C)
Manufacturing,1081985.4,20.0,0.74,47890.2,250,2.4,34029.0,9407.0,63.2,46236.4,5924.76,271.1,33.2,High Risk (Tier D)
Manufacturing,1579852.7,40.9,0.7,42372.6,350,2.03,37287.6,12335.8,48.5,43878.0,6434.84,447.4,32.7,High Risk (Tier D)
Commercial Office,335079.2,80.8,0.64,29895.3,240,3.06,5855.4,319.3,73.0,4776.7,635.61,134.5,65.7,Efficient (Tier B)
Commercial Office,27371.9,31.2,0.53,2384.9,240,2.68,7333.8,951.7,63.8,542.4,174.35,137.7,44.4,Moderate (Tier C)
Manufacturing,1273295.9,19.0,0.7,48662.2,300,3.97,37919.4,13192.5,60.1,38434.8,6430.35,314.0,41.0,Moderate (Tier C)
Commercial Office,417955.7,40.0,0.63,22800.7,240,4.27,3706.2,594.9,81.2,7750.3,1378.26,220.0,56.9,Efficient (Tier B)
Manufacturing,2834894.8,34.9,0.61,69491.7,350,3.03,30209.9,4980.6,48.8,64968.8,11377.36,489.5,36.8,Moderate (Tier C)
Commercial Office,425979.6,59.3,0.47,20181.0,260,3.65,6388.2,1537.2,51.5,3235.6,1335.69,253.3,53.5,Moderate (Tier C)
Manufacturing,642201.9,16.2,0.66,40519.2,250,3.86,21386.8,9862.1,30.4,21645.9,4729.07,190.2,36.9,Moderate (Tier C)
Commercial Office,42118.2,15.6,0.68,3973.8,240,4.16,6698.7,1170.9,85.1,1358.1,256.32,127.2,52.2,Moderate (Tier C)
Data Center,811904.3,87.7,0.76,18299.2,365,3.71,4228.5,1620.7,92.4,7039.3,624.55,532.4,68.2,Efficient (Tier B)
Healthcare,579794.8,43.2,0.78,20089.5,365,4.68,13392.2,1333.4,47.7,16714.5,2125.09,346.3,42.7,Moderate (Tier C)
Manufacturing,921322.6,25.7,0.8,22601.1,250,2.73,23473.7,6974.2,49.8,7049.9,4113.5,489.2,26.7,High Risk (Tier D)
Data Center,871277.3,72.3,0.8,17332.8,360,3.24,1243.8,203.6,68.3,10941.2,1535.36,603.2,57.2,Efficient (Tier B)
Manufacturing,358686.0,45.8,0.61,20488.6,350,3.78,40266.5,3457.9,27.7,17849.1,1910.54,210.1,47.4,Moderate (Tier C)
Healthcare,439959.5,44.3,0.69,15840.1,365,3.29,5478.8,2545.5,74.2,19393.5,1803.96,333.3,50.1,Moderate (Tier C)
Healthcare,906883.3,29.7,0.87,23345.2,365,4.16,7354.2,4718.7,50.1,14568.2,3672.23,466.2,41.4,Moderate (Tier C)
Data Center,573809.2,68.8,0.94,22262.3,360,4.21,1027.4,807.0,51.3,6360.4,1396.86,309.3,58.4,Efficient (Tier B)
Commercial Office,266439.0,65.5,0.52,12972.1,240,4.69,6323.7,1567.2,51.5,4633.5,771.15,246.5,59.0,Efficient (Tier B)
Logistics Hub,572155.9,71.2,0.65,72565.3,280,3.96,46377.4,14536.9,42.2,10377.6,3174.14,94.6,63.2,Efficient (Tier B)
Commercial Office,66785.8,20.7,0.64,5566.8,240,2.92,6912.3,2218.1,50.2,1335.4,502.17,144.0,38.1,Moderate (Tier C)
Commercial Office,505289.0,78.6,0.52,24499.1,260,2.6,4094.5,536.1,60.5,7911.3,1034.12,247.5,58.7,Efficient (Tier B)
Manufacturing,2104672.6,20.4,0.75,73811.0,300,2.97,44887.3,8708.7,42.8,43478.1,10046.45,342.2,32.9,High Risk (Tier D)
Manufacturing,583750.4,31.5,0.71,34214.7,350,2.8,6812.8,6199.3,74.0,38880.2,2842.65,204.7,44.2,Moderate (Tier C)
Healthcare,1148780.4,35.6,0.81,39166.0,365,2.99,3347.8,1053.0,50.1,40698.1,4223.44,352.0,37.1,Moderate (Tier C)
Healthcare,784430.0,33.2,0.82,27279.7,365,4.32,2190.2,1877.7,56.4,32314.4,2922.78,345.1,46.4,Moderate (Tier C)
Commercial Office,157807.1,58.4,0.51,11715.0,260,4.25,4978.7,1669.9,66.1,4296.3,565.1,161.6,66.1,Efficient (Tier B)
Data Center,403159.3,83.2,0.88,9694.3,360,3.77,3148.3,533.7,87.8,5427.5,448.73,499.0,61.7,Efficient (Tier B)
Data Center,1365956.5,77.7,0.84,26730.3,360,4.39,2222.6,1679.3,55.0,15923.4,2179.35,613.2,64.3,Efficient (Tier B)
Logistics Hub,505996.4,29.5,0.73,60003.3,320,2.95,38792.6,15562.8,69.3,8557.9,3455.62,101.2,53.3,Moderate (Tier C)
Healthcare,830327.9,56.4,0.84,38479.4,365,4.44,7999.8,5913.2,61.1,48691.0,2850.78,258.9,60.7,Efficient (Tier B)
Healthcare,345159.2,47.8,0.77,13572.5,365,3.33,7398.1,5420.0,67.2,17736.0,1343.7,305.2,47.9,Moderate (Tier C)
Logistics Hub,697489.5,27.4,0.47,65945.2,365,4.3,59827.1,15555.8,64.6,14440.3,4417.29,126.9,54.3,Moderate (Tier C)
Commercial Office,36225.5,49.9,0.8,3883.2,240,4.65,6510.1,1718.2,62.1,395.0,217.18,111.9,68.3,Efficient (Tier B)
Manufacturing,730451.9,50.8,0.89,29762.0,350,2.77,36349.5,8794.2,35.1,17306.6,3076.59,294.5,39.7,Moderate (Tier C)
Manufacturing,414763.3,65.5,0.79,10934.8,350,4.06,29781.0,8760.7,58.2,9427.5,1318.64,455.2,54.1,Moderate (Tier C)
Healthcare,1320409.4,45.8,0.84,29495.2,365,3.68,11196.2,2824.0,71.1,19223.9,3942.31,537.2,41.3,Moderate (Tier C)
Commercial Office,358230.3,49.6,0.63,28015.9,240,3.58,3822.9,1286.0,86.1,10038.5,1179.93,153.4,61.4,Efficient (Tier B)
Manufacturing,1859045.3,40.0,0.85,42760.2,350,3.63,19924.9,13300.3,64.9,19268.7,7513.86,521.7,43.1,Moderate (Tier C)
Manufacturing,1906068.5,8.0,0.68,55313.8,350,3.82,37410.3,6965.9,57.7,26758.1,10770.37,413.5,34.9,High Risk (Tier D)
Commercial Office,312458.1,75.2,0.47,14681.5,260,4.29,5072.7,1779.1,87.5,5159.8,530.56,255.4,68.8,Efficient (Tier B)
Manufacturing,1329599.2,56.8,0.72,44835.8,250,3.38,38351.7,9710.9,26.2,16620.7,5231.05,355.9,37.7,Moderate (Tier C)
Manufacturing,1754004.3,51.1,0.62,48615.4,300,2.03,29273.9,12571.7,33.7,53215.5,6520.4,433.0,32.4,High Risk (Tier D)
Commercial Office,533882.7,31.2,0.52,26163.9,240,4.34,7134.4,400.5,69.9,4190.6,2259.08,244.9,53.3,Moderate (Tier C)
Commercial Office,314737.0,76.3,0.78,18885.1,240,2.64,3014.6,260.8,80.4,7414.3,567.27,200.0,57.9,Efficient (Tier B)
Commercial Office,259778.2,85.7,0.58,28263.0,260,3.46,1760.9,1239.9,29.9,3294.5,1072.64,110.3,60.8,Efficient (Tier B)
Manufacturing,1189503.2,27.8,0.9,38499.7,250,4.41,22589.6,5340.4,39.5,39210.5,5676.93,370.8,38.5,Moderate (Tier C)
Logistics Hub,201329.6,72.9,0.49,30112.9,280,3.21,28611.6,17655.2,76.6,2530.2,1198.24,80.2,70.4,Efficient (Tier B)
Manufacturing,667743.4,14.6,0.68,14971.2,300,3.11,17096.8,8760.9,57.7,15321.9,3487.06,535.2,34.0,High Risk (Tier D)
Data Center,605820.1,43.6,0.86,20165.3,360,3.35,4439.3,995.1,79.3,15941.5,2094.85,360.5,44.5,Moderate (Tier C)
Logistics Hub,324233.9,32.0,0.47,33324.7,280,3.65,45024.6,14878.7,62.3,7412.8,2316.45,116.8,56.0,Efficient (Tier B)
Commercial Office,557737.2,57.0,0.76,25523.0,260,2.54,4420.7,1230.1,69.7,7575.7,1587.05,262.2,44.5,Moderate (Tier C)
Logistics Hub,376762.0,72.3,0.68,57775.4,365,3.9,33726.5,11193.9,79.1,13326.4,1384.05,78.3,76.4,Leader (Tier A)
Commercial Office,298119.8,64.6,0.63,16284.2,260,3.98,2223.7,1426.4,34.2,3446.6,1027.5,219.7,61.6,Efficient (Tier B)
Commercial Office,190524.6,58.2,0.55,17984.6,260,3.63,3549.2,2267.7,61.3,5056.5,753.56,127.1,63.1,Efficient (Tier B)
Manufacturing,1316216.4,60.7,0.68,34126.0,300,2.79,8480.7,8681.4,31.4,36194.4,3898.45,462.8,36.7,Moderate (Tier C)
Data Center,823926.5,61.0,0.75,25182.9,360,4.04,3150.2,1553.0,42.9,14457.2,2297.72,392.6,53.0,Moderate (Tier C)
Data Center,539752.3,13.4,0.77,16295.9,365,3.7,922.0,1075.0,56.0,12261.8,2585.93,397.5,33.9,High Risk (Tier D)
Manufacturing,520175.5,58.2,0.87,23490.2,350,1.82,35900.7,10429.9,53.3,20054.2,1868.26,265.7,43.3,Moderate (Tier C)
Healthcare,1477112.1,12.7,0.74,34051.1,365,4.22,8183.9,4306.9,55.6,42195.5,7545.91,520.6,32.6,High Risk (Tier D)
Data Center,571831.8,47.2,0.82,11802.2,360,4.0,726.1,262.8,86.2,6263.4,1625.36,581.4,53.6,Moderate (Tier C)
Healthcare,287608.7,46.5,0.76,13945.1,365,3.27,2645.0,4567.9,35.5,7289.9,1317.77,247.5,43.1,Moderate (Tier C)
Commercial Office,91323.2,56.7,0.73,6857.9,260,2.63,4763.5,1663.6,80.7,1119.4,328.92,159.8,59.1,Efficient (Tier B)
Logistics Hub,1181601.0,26.4,0.53,69279.3,320,2.54,52208.6,11346.3,50.7,14205.6,6079.28,204.7,38.9,Moderate (Tier C)
Commercial Office,61011.4,37.2,0.68,2842.9,240,3.97,4979.7,1668.1,65.3,448.3,303.82,257.5,55.0,Efficient (Tier B)
Commercial Office,283508.8,68.0,0.57,18789.6,240,3.15,7725.2,124.7,65.5,5915.2,813.04,181.1,59.6,Efficient (Tier B)
Commercial Office,367564.5,55.6,0.57,29723.0,260,3.22,6871.5,313.6,89.0,11815.2,1014.76,148.4,63.3,Efficient (Tier B)
Manufacturing,2030487.0,72.8,0.66,71034.8,350,2.05,11511.6,9142.6,49.0,30930.3,5126.06,343.0,47.1,Moderate (Tier C)
Logistics Hub,390621.4,30.6,0.56,47598.7,320,4.31,44138.2,7822.6,36.9,4066.8,2939.01,98.5,53.1,Moderate (Tier C)
Data Center,1743659.5,86.1,0.82,33246.0,365,4.33,2350.4,924.3,90.0,24294.6,1427.8,629.4,68.9,Efficient (Tier B)
Manufacturing,1086317.0,62.6,0.68,30402.1,250,3.77,42608.8,9245.6,31.3,32737.6,3554.86,428.8,44.3,Moderate (Tier C)
Commercial Office,150363.9,23.7,0.69,15602.9,260,3.19,4970.6,1141.2,60.5,2329.8,877.01,115.6,47.8,Moderate (Tier C)
Manufacturing,1738304.2,67.9,0.82,68656.8,350,4.32,37839.2,8799.3,46.0,61195.7,5175.8,303.8,60.5,Efficient (Tier B)
Healthcare,407258.3,17.1,0.86,20091.4,365,4.4,3357.9,3799.7,73.9,18290.8,2161.38,243.2,55.4,Efficient (Tier B)
Healthcare,345674.1,16.2,0.8,15943.7,365,4.28,2421.8,4225.3,29.5,15712.9,2081.99,260.2,34.0,High Risk (Tier D)
Healthcare,795271.7,35.9,0.88,29015.0,365,4.44,14786.4,2150.3,39.1,42556.3,3826.3,328.9,41.6,Moderate (Tier C)
Data Center,174785.6,68.5,0.87,6510.5,365,3.44,4952.4,1234.0,89.4,1840.7,354.14,322.2,60.6,Efficient (Tier B)
Manufacturing,1010556.7,37.7,0.87,58436.7,300,3.98,18127.2,4508.7,51.3,21985.0,4091.12,207.5,51.9,Moderate (Tier C)
Healthcare,998608.6,28.2,0.75,39113.6,365,4.42,12707.1,2800.0,71.3,35399.3,4519.48,306.4,49.5,Moderate (Tier C)
Data Center,493711.7,65.6,0.87,8559.3,365,4.2,4717.0,761.2,74.1,2994.6,1009.25,692.2,56.1,Efficient (Tier B)
Healthcare,876495.9,12.6,0.86,20288.1,365,3.25,5108.9,3464.0,58.1,25378.9,4714.33,518.4,26.4,High Risk (Tier D)
Healthcare,824790.3,64.0,0.82,31984.7,365,4.68,2608.2,2462.2,72.9,28210.4,1956.3,309.4,62.7,Efficient (Tier B)
Healthcare,946767.6,43.4,0.78,24432.3,365,3.88,5615.3,1928.2,21.6,17513.2,3570.01,465.0,40.0,Moderate (Tier C)
Data Center,981664.0,72.2,0.76,32217.5,360,4.76,3006.7,616.5,92.7,16155.7,1535.53,365.6,69.3,Efficient (Tier B)
Data Center,650539.3,36.8,0.93,11613.4,365,3.76,1924.6,714.3,42.4,2959.4,2490.37,672.2,40.6,Moderate (Tier C)
Healthcare,1105235.2,24.2,0.76,36895.7,365,4.59,10554.7,841.9,25.9,53037.2,5770.44,359.5,34.5,High Risk (Tier D)
Data Center,1192331.9,37.6,0.81,28043.8,365,3.97,2813.4,755.2,42.2,15251.0,4540.88,510.2,44.5,Moderate (Tier C)
Manufacturing,420495.8,61.4,0.89,27679.9,350,2.87,34134.8,6149.7,81.5,25022.2,1414.96,182.3,58.7,Efficient (Tier B)
Commercial Office,250466.2,47.3,0.54,13205.9,240,4.29,7982.2,558.7,44.8,3141.6,947.4,227.6,56.1,Efficient (Tier B)
Healthcare,331766.4,17.8,0.87,15329.5,365,3.64,8459.6,5568.1,51.1,19222.0,2027.43,259.7,39.6,Moderate (Tier C)
Commercial Office,275593.2,60.2,0.7,14383.1,260,3.4,1251.8,139.8,35.6,4293.6,985.99,229.9,50.1,Moderate (Tier C)
Commercial Office,71210.8,17.7,0.74,8546.8,240,3.2,2483.9,771.7,85.2,1566.8,426.58,100.0,53.3,Moderate (Tier C)
Manufacturing,659377.4,26.5,0.6,23890.4,350,1.88,28330.1,2135.6,22.6,24096.7,3493.67,331.2,24.5,High Risk (Tier D)
Commercial Office,250645.6,24.9,0.79,18473.9,260,2.64,4515.3,1458.6,58.4,6012.1,1380.33,162.8,50.6,Moderate (Tier C)
Healthcare,339293.1,15.3,0.75,15194.6,365,3.13,4883.2,2451.3,24.9,10413.2,2086.63,268.0,32.2,High Risk (Tier D)
Manufacturing,372638.5,39.5,0.79,22561.2,250,2.03,13445.0,11029.6,48.7,7809.9,1945.54,198.2,42.0,Moderate (Tier C)
Commercial Office,153676.5,56.1,0.64,11363.2,240,3.0,2064.4,811.3,72.7,4241.2,544.48,162.3,62.0,Efficient (Tier B)
Healthcare,628696.8,58.2,0.68,20822.7,365,3.14,12755.6,3841.2,33.6,16060.2,2090.23,362.3,43.9,Moderate (Tier C)
Logistics Hub,743837.6,57.1,0.52,78442.1,365,3.09,25349.7,9758.3,79.6,7695.7,2623.73,113.8,63.2,Efficient (Tier B)
Commercial Office,407361.1,89.2,0.59,20846.6,260,4.01,4513.6,296.9,27.0,2303.2,853.63,234.5,64.7,Efficient (Tier B)
Logistics Hub,507420.6,30.3,0.44,43894.3,320,4.09,44674.0,12089.3,58.1,9798.1,3034.58,138.7,57.2,Efficient (Tier B)
Data Center,928922.4,46.5,0.81,23581.7,360,4.33,2753.2,1360.8,55.3,5049.3,2924.41,472.7,52.3,Moderate (Tier C)
Data Center,252803.3,35.0,0.85,8875.2,365,4.64,680.6,1801.8,51.6,7057.4,1100.78,341.8,43.7,Moderate (Tier C)
Logistics Hub,536723.5,32.7,0.7,64748.6,365,2.75,59061.8,13433.7,70.6,14204.4,3185.76,99.5,45.9,Moderate (Tier C)
Logistics Hub,688605.3,58.5,0.64,53625.7,320,3.36,27416.5,14760.1,44.0,5108.1,3167.82,154.1,60.4,Efficient (Tier B)
Healthcare,1204292.8,12.7,0.7,31137.2,365,2.92,3702.7,3951.2,60.4,41549.2,6251.02,464.1,26.1,High Risk (Tier D)
Healthcare,659362.3,25.5,0.88,20628.8,365,3.46,8049.4,871.1,21.5,10103.1,3223.52,383.6,24.4,High Risk (Tier D)
Commercial Office,274900.4,75.4,0.64,19678.5,260,3.63,5250.6,2033.3,63.5,4316.8,702.97,167.6,61.9,Efficient (Tier B)
Commercial Office,55458.3,45.5,0.58,6645.2,260,2.71,5006.8,918.3,34.3,2493.2,363.36,100.1,53.9,Moderate (Tier C)
Logistics Hub,541654.6,76.2,0.58,61456.7,280,4.3,50648.6,13469.1,47.7,11426.4,2538.39,105.8,74.2,Efficient (Tier B)
Commercial Office,23982.4,66.3,0.53,2031.1,260,3.25,1458.3,1161.7,83.7,229.0,91.89,141.7,64.5,Efficient (Tier B)
Logistics Hub,462059.8,17.2,0.44,69422.1,365,2.69,52418.3,16857.6,54.1,12493.0,3750.59,79.9,41.1,Moderate (Tier C)
Logistics Hub,944303.8,16.4,0.44,62381.0,280,2.53,29522.7,11761.0,78.9,4968.2,4768.29,181.7,42.2,Moderate (Tier C)
Healthcare,1667969.9,69.3,0.87,41093.0,365,3.91,12559.4,2797.0,32.4,46554.0,4055.63,487.1,51.5,Moderate (Tier C)
Data Center,697962.0,84.3,0.73,16697.0,360,3.35,4943.0,999.4,94.8,8667.8,705.99,501.6,62.3,Efficient (Tier B)
Data Center,1201331.0,69.0,0.78,22481.4,365,3.64,2700.7,1747.2,60.1,12485.8,2391.09,641.2,50.3,Moderate (Tier C)
Manufacturing,2030014.6,11.5,0.64,58002.9,250,2.49,37163.8,7111.3,70.7,69326.0,10792.86,420.0,30.9,High Risk (Tier D)
Commercial Office,391088.8,87.3,0.56,20863.6,240,3.92,6874.7,571.0,32.0,2872.2,860.09,224.9,63.9,Efficient (Tier B)
Manufacturing,1338562.6,8.4,0.76,41101.9,350,4.05,44018.9,7690.0,39.2,14797.7,7637.73,390.8,29.7,High Risk (Tier D)
Commercial Office,430804.4,75.7,0.55,28111.2,260,3.08,2808.3,1572.7,62.9,10383.7,1131.41,183.9,64.7,Efficient (Tier B)
Commercial Office,294214.0,85.6,0.67,22446.2,240,4.79,5753.2,1949.1,59.4,4516.0,699.98,157.3,71.3,Efficient (Tier B)
Data Center,1546656.3,74.3,0.94,26971.7,365,4.4,1991.1,1416.2,65.0,11801.8,2596.58,688.1,61.7,Efficient (Tier B)
Commercial Office,285588.2,50.0,0.54,13543.8,240,3.23,4848.0,929.5,30.0,4669.0,1143.57,253.0,46.0,Moderate (Tier C)
Manufacturing,350018.4,66.8,0.75,20793.4,350,3.02,19189.1,6808.5,47.0,8392.9,1321.81,202.0,51.2,Moderate (Tier C)
Manufacturing,1223687.9,71.8,0.73,35172.8,300,1.97,37548.9,13286.0,29.8,31088.9,3434.08,417.5,31.3,High Risk (Tier D)
Logistics Hub,590291.4,12.7,0.6,46032.1,320,4.24,28381.3,6275.5,67.2,8521.6,3393.97,153.9,48.7,Moderate (Tier C)
Data Center,843816.3,55.9,0.71,25946.0,360,4.74,3096.4,821.9,44.4,17690.1,2257.48,390.3,52.9,Moderate (Tier C)
Manufacturing,1976025.3,10.6,0.72,46780.3,250,2.19,11057.8,7193.3,81.1,39113.6,9868.48,506.9,28.2,High Risk (Tier D)
Commercial Office,375223.3,38.0,0.74,23143.7,260,3.22,6435.6,2297.9,37.7,4812.5,1946.53,194.6,50.1,Moderate (Tier C)
Logistics Hub,543755.2,46.1,0.75,59101.9,320,2.85,47493.0,4564.0,64.8,7747.4,2598.35,110.4,55.7,Efficient (Tier B)
Manufacturing,2491123.7,5.9,0.74,70835.9,250,3.92,29717.3,6102.2,34.7,76962.3,13823.88,422.0,23.1,High Risk (Tier D)
Commercial Office,230947.6,43.7,0.66,17873.0,240,3.38,909.2,1538.7,39.1,6625.9,1150.64,155.1,49.5,Moderate (Tier C)
Manufacturing,637760.0,62.8,0.85,38767.5,350,3.39,19124.1,11597.4,61.0,30983.7,2107.1,197.4,55.4,Efficient (Tier B)
Manufacturing,2009920.6,45.0,0.72,60986.4,350,3.26,29203.6,4645.9,32.0,52636.5,7536.2,395.5,36.0,Moderate (Tier C)
Commercial Office,60386.3,15.9,0.72,3668.4,260,4.43,4572.5,997.1,34.3,1055.0,376.5,197.5,48.2,Moderate (Tier C)
Commercial Office,260156.2,77.9,0.66,22784.2,260,3.41,4337.8,1259.9,34.4,4894.9,924.56,137.0,63.7,Efficient (Tier B)
Commercial Office,143311.9,23.5,0.47,16159.5,240,3.7,7959.4,584.4,84.6,2867.2,659.32,106.4,54.5,Moderate (Tier C)
Logistics Hub,1028627.6,30.8,0.72,65557.7,280,3.79,17051.3,17243.6,34.6,14320.0,5572.69,188.3,47.5,Moderate (Tier C)
Healthcare,331054.1,51.1,0.68,14285.8,365,3.84,5196.0,2662.3,72.2,21263.8,1102.63,278.1,53.8,Moderate (Tier C)
Commercial Office,79987.4,72.4,0.64,5991.6,260,4.05,1774.0,233.0,51.9,1194.4,250.57,160.2,58.5,Efficient (Tier B)
Data Center,1113562.4,36.8,0.71,24589.2,365,3.2,4805.2,1278.8,61.6,15668.1,3938.98,543.4,35.2,Moderate (Tier C)
Logistics Hub,190321.2,64.7,0.46,30400.1,365,2.92,41446.4,5573.1,56.2,3538.5,1090.86,75.1,63.5,Efficient (Tier B)
Data Center,1135874.9,43.9,0.91,23832.4,365,3.48,4434.4,1695.1,62.5,7978.9,3804.95,571.9,45.7,Moderate (Tier C)
Data Center,1076121.4,54.4,0.9,34346.6,360,4.62,1726.9,1516.8,43.7,14538.0,3381.91,376.0,56.8,Efficient (Tier B)
Manufacturing,952117.7,74.8,0.87,21779.7,350,2.92,26943.5,6832.9,28.8,16719.2,1920.35,524.6,45.0,Moderate (Tier C)
Manufacturing,1448958.4,19.6,0.64,53904.6,350,4.36,40184.1,12884.5,43.1,64274.8,8261.15,322.6,44.4,Moderate (Tier C)
Healthcare,1051469.7,38.3,0.75,32761.1,365,3.52,9719.1,3793.1,50.4,18922.9,4157.1,385.1,41.9,Moderate (Tier C)
Logistics Hub,402563.2,58.6,0.66,52068.7,365,3.21,50109.6,11894.5,64.0,5323.1,2183.88,92.8,65.3,Efficient (Tier B)
Commercial Office,444360.8,67.1,0.66,24294.8,240,3.51,2879.8,2288.7,36.9,2873.6,1425.68,219.5,58.9,Efficient (Tier B)
Data Center,576194.9,24.8,0.93,14571.4,365,4.47,607.8,1252.7,65.9,11145.4,2669.25,474.5,45.0,Moderate (Tier C)
Manufacturing,538383.1,39.6,0.77,15942.4,250,2.14,15144.5,9705.0,27.9,8736.2,2432.86,405.2,29.8,High Risk (Tier D)
Manufacturing,1180687.0,17.7,0.79,48226.1,350,2.96,34994.4,12956.5,37.5,39300.0,5869.41,293.8,29.2,High Risk (Tier D)
Data Center,368672.1,25.1,0.78,10959.3,365,4.19,3153.4,321.3,79.8,7659.7,1461.57,403.7,37.4,Moderate (Tier C)
Commercial Office,425629.3,65.2,0.65,23634.8,260,3.42,6589.0,133.3,76.9,6967.9,1038.12,216.1,64.5,Efficient (Tier B)
Logistics Hub,397943.8,75.2,0.45,75628.9,280,3.42,40406.6,13282.4,89.8,14052.9,1390.4,63.1,77.4,Leader (Tier A)
Commercial Office,266440.5,82.7,0.76,22164.4,260,3.24,928.4,430.3,26.6,2222.6,902.68,144.3,58.4,Efficient (Tier B)
Data Center,446485.9,27.8,0.79,11283.7,360,4.52,3920.0,762.7,93.7,5037.1,1623.09,474.8,46.7,Moderate (Tier C)
Healthcare,1382747.8,33.6,0.73,31887.3,365,4.36,11956.2,4396.6,27.2,46625.7,5924.51,520.4,38.6,Moderate (Tier C)
Logistics Hub,849472.6,31.9,0.6,58661.1,320,3.95,31513.3,6061.2,68.2,5356.7,3944.42,173.8,56.7,Efficient (Tier B)
Commercial Office,106469.6,82.3,0.63,13151.9,260,4.3,7319.4,988.6,80.0,4279.4,265.44,97.1,82.1,Leader (Tier A)
Commercial Office,152257.0,21.2,0.58,7118.8,240,4.31,7274.4,741.8,64.0,2446.8,777.4,256.7,45.0,Moderate (Tier C)
Data Center,863154.1,90.3,0.93,19569.4,365,4.71,3940.9,464.1,77.5,12019.4,678.13,529.3,67.9,Efficient (Tier B)
Manufacturing,947201.3,5.4,0.79,31555.1,300,2.46,17241.9,2764.2,49.0,14496.9,5279.41,360.2,24.8,High Risk (Tier D)
Data Center,368048.7,21.2,0.76,7527.7,365,4.62,4755.9,763.3,78.8,5383.1,1503.63,586.7,46.0,Moderate (Tier C)
Logistics Hub,873211.7,25.2,0.49,63228.6,365,3.78,28821.6,16035.5,35.3,15294.6,5949.28,165.7,48.2,Moderate (Tier C)
Manufacturing,897108.3,37.3,0.8,22644.8,250,2.31,33815.4,8133.4,73.9,19109.5,3831.63,475.4,35.1,Moderate (Tier C)
Manufacturing,2319181.2,55.8,0.63,63921.6,300,3.61,32881.0,6355.8,27.3,69760.9,8255.9,435.4,43.5,Moderate (Tier C)
Manufacturing,1518318.3,49.1,0.61,36505.6,300,2.74,39499.9,4796.9,76.1,33792.1,4787.22,499.1,43.2,Moderate (Tier C)
Manufacturing,824438.3,41.9,0.77,18598.7,300,4.26,13860.7,2673.9,31.2,9858.7,2825.09,531.9,39.1,Moderate (Tier C)
Healthcare,448094.8,38.4,0.66,14196.0,365,3.04,7406.2,1128.3,44.8,11874.0,1644.41,378.8,39.0,Moderate (Tier C)
Logistics Hub,850149.8,39.3,0.56,71496.4,280,4.07,23807.1,15483.5,57.5,12851.4,4298.44,142.7,54.3,Moderate (Tier C)
Commercial Office,170215.2,15.1,0.63,9186.1,260,4.22,2836.8,2129.6,49.5,1634.0,992.66,222.4,44.4,Moderate (Tier C)
Manufacturing,1382895.2,16.7,0.86,47099.5,300,1.8,41600.1,12126.6,27.8,45595.3,7799.87,352.3,19.3,High Risk (Tier D)
Commercial Office,70603.8,70.8,0.78,3892.9,240,4.12,2807.8,681.2,71.2,474.6,180.45,217.6,67.3,Efficient (Tier B)
Commercial Office,158396.3,44.4,0.77,8566.0,260,3.04,903.7,555.7,77.2,956.7,507.83,221.9,55.6,Efficient (Tier B)
Manufacturing,911539.8,42.4,0.8,32180.9,300,4.17,35927.3,10059.1,22.5,10573.0,4418.02,339.9,43.9,Moderate (Tier C)
Data Center,1059303.2,18.3,0.84,29242.0,360,3.5,2922.8,1985.8,78.9,20894.0,5125.35,434.7,39.2,Moderate (Tier C)
Data Center,387940.2,94.3,0.8,15367.4,365,3.24,582.2,1827.4,92.3,3706.4,219.01,302.9,70.5,Efficient (Tier B)
Commercial Office,90619.9,80.7,0.51,5836.6,260,3.78,2685.2,1101.7,83.8,1243.5,156.37,186.3,78.6,Leader (Tier A)
Commercial Office,199465.8,65.6,0.49,15802.8,240,3.28,5816.7,2485.1,79.9,3071.9,575.67,151.5,70.0,Efficient (Tier B)
Manufacturing,2540394.2,43.1,0.69,69527.5,250,1.99,41377.2,4281.5,25.1,72247.8,10523.45,438.5,29.1,High Risk (Tier D)
Data Center,1132560.9,81.1,0.91,33663.4,360,3.88,2672.8,582.1,67.6,9066.7,1575.15,403.7,62.2,Efficient (Tier B)
Commercial Office,46231.6,55.8,0.79,2402.7,240,3.15,2667.3,1004.9,35.4,523.8,208.02,230.9,46.7,Moderate (Tier C)
Commercial Office,220936.4,23.9,0.56,21354.9,240,4.41,5410.4,1086.9,51.1,6385.3,1309.12,124.2,53.5,Moderate (Tier C)
Healthcare,952791.8,54.1,0.7,37345.8,365,4.7,4728.7,2156.8,58.5,54770.4,3156.62,306.2,60.4,Efficient (Tier B)
Commercial Office,249023.7,73.1,0.7,25881.9,260,4.26,1315.1,2455.0,47.3,5551.3,1034.99,115.5,72.8,Efficient (Tier B)
Manufacturing,1054600.9,69.7,0.64,50798.5,250,3.23,34828.7,11911.3,73.3,47085.4,2866.97,249.1,63.2,Efficient (Tier B)
Manufacturing,1634854.6,14.3,0.88,46521.1,300,2.2,28858.7,11772.6,32.8,29955.5,9134.12,421.7,20.8,High Risk (Tier D)
Commercial Office,105511.9,29.5,0.67,8649.5,260,3.85,4445.6,1922.3,55.6,2714.2,560.5,146.4,57.9,Efficient (Tier B)
Manufacturing,1072667.9,27.1,0.76,40713.5,250,2.73,32354.8,2304.2,23.6,37498.9,6073.46,316.2,28.8,High Risk (Tier D)
Commercial Office,216903.9,78.7,0.59,19074.8,240,3.75,2052.9,1405.5,50.8,3232.8,616.02,136.5,71.1,Efficient (Tier B)
Healthcare,688679.9,24.4,0.74,17085.4,365,3.02,9415.3,3824.1,44.4,20266.1,3257.73,483.7,32.7,High Risk (Tier D)
Commercial Office,90477.7,72.0,0.76,9906.3,260,2.88,7373.7,886.8,47.0,2096.4,388.01,109.6,62.2,Efficient (Tier B)
Data Center,1705865.2,84.2,0.85,33561.9,365,3.11,1913.2,1098.6,44.8,11073.7,2173.75,609.9,53.1,Moderate (Tier C)
Commercial Office,276632.1,57.7,0.54,15646.8,240,3.52,4167.9,944.0,74.5,5834.1,848.59,212.2,61.6,Efficient (Tier B)
Commercial Office,316202.5,40.4,0.6,24730.6,240,4.42,7893.3,1999.1,60.4,6934.8,1400.63,153.4,57.8,Efficient (Tier B)
Commercial Office,58045.1,41.8,0.61,3149.9,240,3.42,5553.2,1180.8,66.3,1022.7,261.21,221.1,53.2,Moderate (Tier C)
Healthcare,577044.5,23.0,0.79,14897.5,365,3.21,5794.8,4692.8,73.2,13867.5,2470.53,464.8,38.7,Moderate (Tier C)
Data Center,1547537.0,67.9,0.81,26453.8,360,3.6,4829.5,1164.1,76.7,15104.4,3022.08,702.0,56.3,Efficient (Tier B)
Healthcare,826525.8,18.3,0.66,26905.9,365,2.84,6653.5,2535.0,60.6,22236.8,4070.14,368.6,26.1,High Risk (Tier D)
Healthcare,1726008.3,66.2,0.77,39707.7,365,4.2,13122.2,2975.1,48.4,29397.7,4135.03,521.6,48.1,Moderate (Tier C)
Manufacturing,861347.7,45.9,0.63,42321.5,350,3.46,18033.0,4300.8,33.5,33855.0,3947.82,244.2,43.5,Moderate (Tier C)
Manufacturing,1145299.1,42.5,0.71,65341.4,250,2.29,22213.9,3986.0,61.3,61155.8,5237.9,210.3,44.3,Moderate (Tier C)
Manufacturing,486228.9,26.4,0.61,22771.7,250,4.06,33173.4,13143.2,37.2,21971.7,3231.4,256.2,40.7,Moderate (Tier C)
Manufacturing,1148485.1,42.3,0.63,55252.5,300,1.94,34043.4,3455.6,56.7,31631.9,4688.91,249.4,41.5,Moderate (Tier C)
Manufacturing,980153.0,55.5,0.71,49037.9,300,4.23,28307.4,3489.3,31.9,20069.9,3821.68,239.9,57.6,Efficient (Tier B)
Commercial Office,165917.7,29.8,0.46,11194.8,260,3.63,4464.9,902.7,77.3,2863.6,719.71,177.9,57.4,Efficient (Tier B)
Manufacturing,387402.7,9.9,0.73,22075.5,300,4.11,34998.1,11661.4,78.1,9341.5,2533.33,210.6,49.0,Moderate (Tier C)
Data Center,583486.7,11.0,0.88,16635.0,360,3.07,2636.5,805.4,70.4,12514.9,3000.88,420.9,34.1,High Risk (Tier D)
Logistics Hub,713847.9,40.0,0.43,63143.1,280,3.54,42638.4,7312.5,34.5,9263.1,4026.79,135.7,48.3,Moderate (Tier C)
Manufacturing,678115.5,37.6,0.67,16900.4,350,2.49,38119.1,6535.9,71.5,19994.3,2799.05,481.5,36.3,Moderate (Tier C)
Logistics Hub,433078.4,39.5,0.53,41150.0,365,2.59,34705.5,15815.9,32.4,4217.1,3187.55,126.3,40.4,Moderate (Tier C)
Data Center,835254.5,44.4,0.84,18472.4,360,3.7,3277.5,1792.7,94.6,6258.7,2332.9,542.6,55.0,Efficient (Tier B)
Manufacturing,2122557.8,38.7,0.75,66456.2,250,3.69,16408.2,9569.2,69.3,47189.5,7990.31,383.3,51.0,Moderate (Tier C)
Commercial Office,123202.0,19.8,0.77,9893.7,240,2.76,1789.3,1413.6,45.6,1477.9,766.29,149.4,38.5,Moderate (Tier C)
Commercial Office,124284.4,60.2,0.49,8168.9,240,2.73,620.2,2412.8,30.2,1740.8,563.48,182.6,42.3,Moderate (Tier C)
Healthcare,1441288.8,62.8,0.79,33275.2,365,3.05,9562.4,4785.0,55.7,28186.1,3414.05,519.8,43.1,Moderate (Tier C)
Logistics Hub,962619.5,30.9,0.45,73451.2,320,4.19,36434.5,13376.6,67.5,9583.5,4412.93,157.3,54.4,Moderate (Tier C)
Logistics Hub,246872.4,41.0,0.47,25065.7,320,4.39,59798.0,10303.9,80.8,2519.3,1344.93,118.2,61.8,Efficient (Tier B)
Data Center,652065.0,47.9,0.79,11180.2,365,3.85,3044.4,237.8,84.9,2467.0,1723.55,699.9,48.5,Moderate (Tier C)
Manufacturing,1188794.1,18.1,0.76,67540.5,300,3.51,29847.5,3449.0,48.9,79648.4,6917.55,211.2,41.9,Moderate (Tier C)
Logistics Hub,727540.8,75.1,0.43,46727.6,320,3.05,29947.8,13811.3,42.3,9488.7,2587.15,186.8,60.2,Efficient (Tier B)
Logistics Hub,976373.6,13.3,0.42,66869.9,365,2.98,24157.0,17363.8,50.3,15627.8,6370.08,175.2,32.1,High Risk (Tier D)
Healthcare,597186.5,49.2,0.81,22990.5,365,4.08,13056.6,4652.5,35.1,22917.6,2232.3,311.7,46.3,Moderate (Tier C)
Data Center,960053.1,50.3,0.73,22791.7,360,4.48,1527.5,305.2,49.2,8659.9,2754.12,505.5,49.3,Moderate (Tier C)
Data Center,610103.5,77.6,0.71,15643.9,365,4.15,3533.2,230.0,44.3,6310.2,1045.59,468.0,52.5,Moderate (Tier C)
Logistics Hub,420510.5,78.5,0.49,33350.4,280,3.88,44760.4,4537.6,55.2,4123.8,1314.76,151.3,69.7,Efficient (Tier B)
Data Center,1140268.9,35.1,0.88,20058.4,360,4.07,3728.1,998.4,66.2,15311.1,4036.64,682.2,44.4,Moderate (Tier C)
Healthcare,1340444.4,53.6,0.87,36006.3,365,4.79,7549.2,1378.0,68.1,15607.2,3778.11,446.7,54.7,Moderate (Tier C)
Healthcare,387365.5,60.4,0.67,16166.4,365,4.45,6048.0,2888.8,55.8,15407.0,1289.59,287.5,56.9,Efficient (Tier B)
Data Center,730493.3,38.3,0.83,23451.9,360,4.56,2622.3,609.5,91.7,7028.8,2284.12,373.8,56.1,Efficient (Tier B)
Logistics Hub,665583.1,59.4,0.57,37296.7,280,2.6,35260.6,7566.5,61.3,4489.7,2168.18,214.1,50.1,Moderate (Tier C)
Logistics Hub,404249.2,42.7,0.62,23102.1,320,2.58,15983.1,14842.8,66.4,1776.2,2010.78,210.0,42.4,Moderate (Tier C)
Manufacturing,598416.8,74.1,0.84,37842.9,250,2.1,29380.2,8821.2,36.3,38327.0,2244.27,189.8,50.6,Moderate (Tier C)
Healthcare,1147387.3,13.0,0.85,26857.3,365,3.77,14289.8,1097.6,50.1,38247.4,6009.29,512.7,28.2,High Risk (Tier D)
Commercial Office,314518.5,19.1,0.62,26932.3,240,3.15,2592.6,1071.9,62.6,10763.2,1771.26,140.1,40.7,Moderate (Tier C)
Logistics Hub,142749.0,43.1,0.55,20367.2,320,2.63,18345.1,5615.1,72.8,4561.0,946.07,84.1,56.0,Efficient (Tier B)
Data Center,571688.9,23.7,0.79,16787.3,365,3.01,4148.1,1907.1,92.8,4277.3,2149.66,408.7,38.9,Moderate (Tier C)
Healthcare,567677.9,27.3,0.71,27889.0,365,3.7,11007.8,4612.4,49.6,41693.0,3115.07,244.3,41.5,Moderate (Tier C)
Data Center,823137.8,33.1,0.74,20999.7,360,3.26,759.8,1721.0,45.7,4944.0,3342.27,470.4,35.5,Moderate (Tier C)
Manufacturing,517373.2,29.3,0.8,29202.4,300,2.8,35886.1,4045.6,48.1,18866.6,2544.67,212.6,41.8,Moderate (Tier C)
Healthcare,1185479.6,23.5,0.85,36925.9,365,3.95,6446.9,5011.9,47.7,24449.3,5039.82,385.3,37.7,Moderate (Tier C)
Manufacturing,411676.3,14.8,0.79,26955.2,300,3.0,43678.7,8854.4,57.0,29033.1,2578.74,183.3,40.5,Moderate (Tier C)
Data Center,1409458.3,71.0,0.88,31039.4,365,3.78,1091.4,672.5,46.8,17032.2,2986.35,544.9,46.8,Moderate (Tier C)
Healthcare,1019012.2,19.6,0.78,30185.1,365,4.18,12886.8,2479.5,29.5,41592.5,5550.88,405.1,36.5,Moderate (Tier C)
Healthcare,410813.4,12.9,0.71,17870.6,365,3.01,12682.8,1522.6,72.2,21838.3,2156.25,275.9,39.4,Moderate (Tier C)
Commercial Office,177384.9,33.1,0.72,21912.5,240,3.45,3835.3,1483.7,69.3,8655.5,942.16,97.1,53.1,Moderate (Tier C)
Commercial Office,363841.0,44.7,0.48,22047.6,240,2.52,4190.7,2467.6,69.7,4045.3,1327.33,198.0,49.1,Moderate (Tier C)
Data Center,1166231.2,39.6,0.78,29443.8,365,3.27,4789.9,330.8,74.1,9406.0,3879.03,475.3,43.4,Moderate (Tier C)
Data Center,627461.7,53.3,0.77,21344.0,365,3.54,3921.5,1500.3,47.7,4363.5,1951.03,352.8,46.3,Moderate (Tier C)
Data Center,1719938.6,53.0,0.8,30986.8,360,3.48,806.2,770.4,82.8,11157.6,4733.59,666.1,56.0,Efficient (Tier B)
Commercial Office,516185.7,73.3,0.58,26033.0,240,2.92,2243.0,1625.5,39.7,10358.1,1335.17,237.9,47.9,Moderate (Tier C)
Logistics Hub,429967.7,58.5,0.56,26441.6,365,4.12,28226.3,10248.6,89.2,5166.8,1453.79,195.1,63.6,Efficient (Tier B)
Logistics Hub,403342.6,43.2,0.61,29635.5,320,2.81,48830.9,11955.8,50.0,3109.7,2448.11,163.3,41.4,Moderate (Tier C)
Logistics Hub,871815.4,30.8,0.6,52655.4,320,3.93,35008.2,4379.1,85.8,7364.0,3726.0,198.7,56.6,Efficient (Tier B)
Manufacturing,625790.0,26.3,0.62,18099.9,250,3.3,16918.2,7460.9,60.4,8094.2,2757.43,414.9,37.3,Moderate (Tier C)
Commercial Office,215240.7,49.4,0.67,10450.4,240,3.98,6757.4,1485.6,59.4,3071.6,732.68,247.2,56.5,Efficient (Tier B)
Manufacturing,418039.1,74.9,0.62,12234.5,300,3.15,16861.5,5181.4,34.3,8427.2,1103.75,410.0,45.6,Moderate (Tier C)
Commercial Office,79172.6,80.1,0.62,4890.1,260,3.71,4004.5,356.1,78.8,1441.9,148.14,194.3,72.2,Efficient (Tier B)
Data Center,657199.8,42.9,0.73,23781.6,365,3.44,2501.8,1818.9,85.2,6661.7,2254.86,331.6,49.8,Moderate (Tier C)
Healthcare,1375280.0,36.2,0.78,43871.2,365,3.94,14120.5,5262.7,45.5,25781.4,5842.61,376.2,43.6,Moderate (Tier C)
Data Center,1321855.8,92.9,0.86,28672.9,360,4.39,3764.0,1705.5,43.6,22498.6,1246.38,553.2,65.7,Efficient (Tier B)
Manufacturing,2180954.0,46.2,0.79,63419.6,350,3.26,15203.7,11214.5,33.8,61936.5,8018.78,412.7,34.3,High Risk (Tier D)
Manufacturing,276017.3,49.9,0.78,16306.2,300,1.95,22075.8,7628.3,40.3,18518.9,1361.97,203.1,40.4,Moderate (Tier C)
Logistics Hub,287930.8,59.0,0.74,49145.7,280,4.46,44781.5,15436.5,48.4,9824.7,2258.29,70.3,68.1,Efficient (Tier B)
Commercial Office,46072.4,48.7,0.68,3598.6,260,2.59,4982.6,2187.3,54.9,1321.6,251.69,153.6,54.6,Moderate (Tier C)
Manufacturing,526949.5,36.2,0.85,15003.0,300,3.35,10489.1,13251.9,63.7,9252.9,2509.16,421.5,37.7,Moderate (Tier C)
Manufacturing,717383.3,29.0,0.79,31703.7,250,3.85,6950.7,12124.7,55.5,22009.9,3735.69,271.5,48.8,Moderate (Tier C)
Logistics Hub,310644.1,11.2,0.6,20938.0,280,2.87,17565.1,12229.2,32.9,4565.9,2469.65,178.0,28.9,High Risk (Tier D)
Manufacturing,1869596.1,23.2,0.7,47230.1,250,2.57,44791.0,13598.7,74.5,32903.5,7836.15,475.0,36.6,Moderate (Tier C)
Logistics Hub,856923.5,70.1,0.71,61515.3,320,3.2,20675.0,5818.0,87.8,11395.1,1857.14,167.2,70.0,Efficient (Tier B)
Logistics Hub,412861.8,56.2,0.44,55842.6,365,3.7,29504.6,14876.5,78.6,3582.8,1908.73,88.7,67.4,Efficient (Tier B)
Manufacturing,1607555.2,19.7,0.89,53734.1,250,1.85,22279.6,2396.1,71.3,62253.2,7548.08,359.0,31.3,High Risk (Tier D)
Manufacturing,1299387.6,40.0,0.79,60347.2,250,4.27,13468.6,3730.9,79.3,59326.1,4954.83,258.4,55.9,Efficient (Tier B)
Healthcare,485280.1,28.6,0.71,13424.7,365,3.11,10884.6,3887.2,44.6,16516.6,2203.61,433.8,29.3,High Risk (Tier D)
Data Center,1020290.8,32.0,0.77,17164.2,365,4.81,749.5,1699.5,88.3,8147.5,3580.28,713.3,57.8,Efficient (Tier B)
Data Center,633895.9,67.5,0.75,10900.0,365,3.34,4857.5,1015.2,56.6,8365.0,1350.21,697.9,47.9,Moderate (Tier C)
Logistics Hub,243755.6,39.6,0.43,27239.7,280,3.65,38165.3,11185.6,57.1,1946.1,1566.07,107.4,58.5,Efficient (Tier B)
Healthcare,1440952.7,32.0,0.79,35144.8,365,2.97,5079.0,1657.7,32.6,18875.4,5804.4,492.0,33.4,High Risk (Tier D)
Healthcare,343527.2,18.4,0.65,16077.2,365,3.01,4238.6,3041.1,43.4,15459.4,1949.25,256.4,37.3,Moderate (Tier C)
Logistics Hub,274804.7,65.9,0.4,37213.7,320,4.46,59352.0,13613.5,36.4,3673.8,2090.44,88.6,69.3,Efficient (Tier B)
Data Center,1615927.8,18.4,0.8,28421.0,360,3.98,1479.9,340.9,64.7,15462.7,6780.96,682.3,40.0,Moderate (Tier C)
Manufacturing,3100304.3,49.3,0.67,71132.3,250,2.48,7691.4,5216.0,66.9,79738.4,10222.85,523.0,43.1,Moderate (Tier C)
Logistics Hub,455173.7,75.5,0.41,31714.9,280,3.1,35598.5,5337.8,88.8,7282.7,916.87,172.2,69.7,Efficient (Tier B)
Commercial Office,274655.7,30.9,0.47,26319.5,260,4.59,2522.2,2067.2,42.2,10522.7,1811.47,125.2,55.3,Efficient (Tier B)
Data Center,1463053.3,15.2,0.93,24885.8,360,4.54,3335.8,1979.3,80.4,10118.2,6954.99,705.5,39.4,Moderate (Tier C)
Healthcare,691616.5,35.1,0.85,27304.1,365,3.21,5388.6,1281.1,48.3,22918.4,2763.2,304.0,41.5,Moderate (Tier C)
Manufacturing,2365737.1,45.7,0.64,56082.7,350,2.56,7802.7,2679.5,80.4,22900.8,6532.74,506.2,44.9,Moderate (Tier C)
Commercial Office,315014.2,52.5,0.61,15908.8,260,3.91,7878.0,965.9,33.3,5184.0,1293.38,237.6,48.0,Moderate (Tier C)
Manufacturing,1148109.9,67.1,0.61,47845.4,250,4.0,22282.7,11556.7,46.7,39992.7,3445.31,288.0,56.5,Efficient (Tier B)
Commercial Office,318248.2,48.7,0.6,18920.5,240,3.94,716.0,1644.9,47.4,3465.2,1224.98,201.8,56.1,Efficient (Tier B)
Manufacturing,714562.3,58.4,0.86,21229.2,350,4.39,39063.3,12365.5,29.4,14140.7,2878.2,403.9,52.0,Moderate (Tier C)
Manufacturing,164731.1,15.2,0.78,10560.2,300,3.22,12985.2,11006.5,77.1,10262.2,1152.72,187.2,41.8,Moderate (Tier C)
Manufacturing,1222742.7,56.7,0.71,27497.3,250,2.99,7772.3,8938.6,21.9,23039.2,3785.66,533.6,39.0,Moderate (Tier C)
Commercial Office,149943.9,51.4,0.7,17154.7,240,3.94,3190.6,2489.5,61.8,4186.7,711.61,104.9,62.4,Efficient (Tier B)
Logistics Hub,1149466.0,27.2,0.56,74589.1,320,3.67,37156.5,6692.4,84.9,10650.4,4307.25,184.9,51.9,Moderate (Tier C)
Commercial Office,242997.7,84.7,0.64,11391.4,240,3.97,7240.0,1195.6,54.8,1649.8,456.43,256.0,63.6,Efficient (Tier B)
Healthcare,405691.6,17.5,0.66,14720.4,365,3.74,13090.7,5654.6,41.0,20989.2,2226.24,330.7,32.9,High Risk (Tier D)
Data Center,321172.8,65.1,0.79,5846.9,360,4.17,992.7,1938.5,53.5,1782.5,775.87,659.2,54.8,Moderate (Tier C)
Data Center,1384402.6,44.6,0.87,26526.8,365,3.83,952.1,1116.5,52.1,5698.0,4644.38,626.3,43.0,Moderate (Tier C)
Healthcare,1245180.8,65.5,0.85,27732.4,365,4.49,10258.4,1016.1,40.1,17401.5,2991.78,538.8,54.9,Moderate (Tier C)
Manufacturing,603717.7,50.5,0.69,16736.4,350,4.49,39325.6,6895.3,68.2,19786.3,2134.47,432.9,49.8,Moderate (Tier C)
Healthcare,211185.4,60.7,0.81,9166.0,365,4.6,10108.7,1496.9,27.7,4833.6,779.98,276.5,57.6,Efficient (Tier B)
Manufacturing,706009.9,60.4,0.62,43815.1,250,4.25,8496.7,13237.9,33.1,45698.3,3104.91,193.4,59.7,Efficient (Tier B)
Healthcare,1558938.6,44.5,0.72,37789.4,365,4.7,2648.2,1579.5,55.5,37462.1,5085.87,495.0,45.3,Moderate (Tier C)
Manufacturing,486433.3,47.0,0.61,11103.0,350,2.5,33054.5,2172.5,42.2,3825.7,1826.76,525.7,38.8,Moderate (Tier C)
Healthcare,1842541.7,22.6,0.83,43272.7,365,4.44,10675.3,1453.0,37.8,53748.9,8874.52,511.0,38.0,Moderate (Tier C)
Commercial Office,386830.9,20.5,0.75,24938.6,240,3.91,1679.0,2409.6,65.7,6372.0,2020.6,186.1,51.5,Moderate (Tier C)
Healthcare,696338.1,17.9,0.85,17368.4,365,4.76,8524.3,3165.8,50.1,21342.6,3541.02,481.1,43.3,Moderate (Tier C)
Manufacturing,804738.6,10.5,0.73,45506.1,250,1.8,43523.8,13010.5,49.1,44965.1,5241.74,212.2,30.8,High Risk (Tier D)
Commercial Office,39905.4,32.7,0.67,4853.0,260,3.32,6416.9,660.9,71.4,1415.9,234.08,98.7,54.9,Moderate (Tier C)
Healthcare,934357.3,52.0,0.87,40326.1,365,3.99,3652.4,3023.2,61.7,23266.0,3172.61,278.0,57.5,Efficient (Tier B)
Commercial Office,74861.1,58.8,0.74,4962.3,240,3.59,3211.2,960.9,76.8,1284.1,219.35,181.0,57.6,Efficient (Tier B)
Commercial Office,222587.3,58.0,0.57,11547.1,240,4.41,3526.4,899.9,40.5,2858.8,830.56,231.3,59.3,Efficient (Tier B)
Commercial Office,358875.7,27.8,0.57,24230.7,260,4.75,6298.8,355.0,54.1,8081.6,1885.24,177.7,60.3,Efficient (Tier B)
Commercial Office,139342.0,43.3,0.76,7892.9,260,3.77,3174.2,1173.5,41.8,3075.5,614.49,211.8,48.2,Moderate (Tier C)
Commercial Office,127042.7,36.5,0.72,8817.1,260,2.68,5480.2,670.1,72.0,2175.9,581.95,172.9,51.8,Moderate (Tier C)
Commercial Office,593259.2,69.2,0.65,28468.6,240,4.46,1986.5,2198.6,45.7,5857.7,1457.17,250.1,67.8,Efficient (Tier B)
Healthcare,961820.0,68.6,0.69,41518.7,365,3.79,3065.2,1819.1,40.7,59709.9,2872.68,278.0,57.8,Efficient (Tier B)
Manufacturing,2194557.8,42.0,0.68,70013.6,300,3.13,23142.9,2456.6,33.1,66917.1,8716.11,376.1,38.9,Moderate (Tier C)
Data Center,318959.2,34.2,0.91,8302.2,365,4.57,2793.8,740.1,60.7,2413.9,1209.25,461.0,41.7,Moderate (Tier C)
Healthcare,1205142.1,48.2,0.67,35983.5,365,2.84,3330.3,2934.6,64.1,51330.9,3984.03,401.9,38.4,Moderate (Tier C)
Healthcare,733471.9,39.2,0.68,25255.9,365,4.55,12181.1,1674.2,54.4,24333.7,2974.84,348.5,53.7,Moderate (Tier C)
Commercial Office,459219.7,70.9,0.64,28493.2,240,4.17,4290.2,1731.9,89.7,4583.5,796.11,193.4,75.8,Leader (Tier A)
Commercial Office,307689.4,45.6,0.77,20638.2,260,3.07,3292.3,711.2,89.1,5091.1,1034.25,178.9,59.3,Efficient (Tier B)
Data Center,200175.8,10.9,0.71,6677.8,365,3.56,2162.3,487.2,88.5,4883.7,950.58,359.7,38.7,Moderate (Tier C)
Manufacturing,1176607.7,61.2,0.82,47159.1,250,2.37,9653.3,13641.4,71.2,15080.7,3538.0,299.4,50.1,Moderate (Tier C)
Commercial Office,102175.1,62.9,0.5,10322.0,240,2.73,1992.6,2499.6,34.2,1039.0,569.54,118.8,58.9,Efficient (Tier B)
Data Center,922368.0,17.7,0.94,32618.8,360,4.41,2311.4,1856.1,92.1,19250.1,3986.7,339.3,48.7,Moderate (Tier C)
Commercial Office,117536.8,84.9,0.59,9239.6,260,4.07,7165.6,1762.0,31.8,1599.0,418.7,152.7,69.7,Efficient (Tier B)
Manufacturing,839098.2,30.7,0.77,27416.3,300,2.21,36938.1,10486.7,26.9,12922.5,4199.38,367.3,27.3,High Risk (Tier D)
Healthcare,719675.4,43.2,0.9,31243.6,365,4.36,7073.1,3808.5,29.6,43818.5,3523.81,276.4,46.2,Moderate (Tier C)
Healthcare,904223.6,15.7,0.81,22012.0,365,4.1,13268.7,5448.7,49.9,31076.0,4354.03,492.9,33.1,High Risk (Tier D)
Commercial Office,422788.6,81.9,0.66,22734.3,260,2.93,579.1,319.4,43.7,6071.2,914.21,223.2,62.9,Efficient (Tier B)
Commercial Office,107505.0,24.0,0.59,11176.9,240,3.93,5476.2,2107.1,80.3,1840.2,540.73,115.4,58.7,Efficient (Tier B)
Data Center,573335.5,90.0,0.91,9698.4,360,3.1,4386.0,813.7,76.9,7174.0,447.1,709.4,58.0,Efficient (Tier B)
Logistics Hub,633418.4,47.9,0.69,58187.5,365,4.05,42987.2,12495.1,78.2,12795.1,2634.32,130.6,64.0,Efficient (Tier B)
Commercial Office,144195.3,48.9,0.58,16248.8,260,3.81,7007.9,1137.1,34.3,6336.7,854.69,106.5,53.3,Moderate (Tier C)
Manufacturing,1537930.1,26.8,0.7,35313.3,300,4.18,19007.5,2999.1,70.9,33621.8,6836.02,522.6,46.6,Moderate (Tier C)
Healthcare,783313.2,41.6,0.84,24378.2,365,3.56,7760.7,2756.2,64.5,19601.9,2722.58,385.6,43.4,Moderate (Tier C)
Logistics Hub,455066.0,55.3,0.63,38514.9,280,3.06,57003.6,14129.5,31.8,6371.8,2658.81,141.8,50.8,Moderate (Tier C)
Healthcare,1010607.2,34.5,0.79,30869.8,365,3.52,3059.2,1805.4,45.7,44632.2,4161.18,392.9,39.8,Moderate (Tier C)
Logistics Hub,101129.3,39.0,0.65,18426.1,320,3.03,33968.0,5321.6,75.7,1384.6,725.69,65.9,53.1,Moderate (Tier C)
Commercial Office,470914.0,35.5,0.49,27208.7,260,4.0,6683.9,1102.5,88.7,3317.4,1955.71,207.7,58.4,Efficient (Tier B)
Data Center,1140744.1,48.0,0.7,22887.8,360,3.02,1169.6,1596.6,92.5,10713.1,2883.31,598.1,47.9,Moderate (Tier C)
Healthcare,1167490.4,25.4,0.7,42026.5,365,4.5,13778.2,3616.3,64.0,45908.3,5505.4,333.4,46.0,Moderate (Tier C)
Healthcare,1022884.3,50.6,0.67,31388.5,365,4.63,10000.9,1802.0,48.9,33492.3,3822.23,391.1,49.0,Moderate (Tier C)
Manufacturing,1838794.4,22.3,0.88,56676.6,300,4.2,29021.4,8360.6,49.9,18423.1,9217.47,389.3,36.2,Moderate (Tier C)
Manufacturing,1612925.0,49.4,0.82,50852.8,250,4.05,22071.6,9784.8,29.1,48541.1,6136.13,380.6,44.0,Moderate (Tier C)
Data Center,816589.2,27.3,0.91,18288.5,360,3.88,4356.3,1431.6,88.0,13340.8,3004.18,535.8,42.1,Moderate (Tier C)
Logistics Hub,312573.1,24.4,0.52,18884.5,320,3.33,28466.2,14473.5,41.4,1730.9,2309.28,198.6,41.9,Moderate (Tier C)
Healthcare,351294.2,63.2,0.87,12647.8,365,4.35,11558.3,4946.2,27.6,8807.4,1296.92,333.3,50.3,Moderate (Tier C)
Manufacturing,1038794.5,55.5,0.63,31862.5,250,4.36,35674.0,5219.4,81.2,26500.8,2701.86,391.2,55.6,Efficient (Tier B)
Commercial Office,405962.7,68.1,0.72,26685.8,240,4.03,3340.1,2390.6,71.4,9666.9,1065.34,182.6,68.5,Efficient (Tier B)
Data Center,603314.3,56.9,0.75,12572.1,365,4.08,4859.7,1071.6,86.3,2994.2,1350.32,575.9,54.9,Moderate (Tier C)
Healthcare,1380550.3,12.5,0.73,44883.4,365,4.61,4486.1,4000.2,39.1,37984.2,6410.07,369.1,40.1,Moderate (Tier C)
Logistics Hub,448752.5,28.3,0.73,32239.9,320,3.47,46604.6,15927.6,86.8,3911.4,2272.37,167.0,53.9,Moderate (Tier C)
Logistics Hub,488711.4,18.2,0.56,62209.7,320,4.44,47128.1,16945.2,61.7,9544.6,3673.98,94.3,58.6,Efficient (Tier B)
Commercial Office,90476.5,51.9,0.62,5552.4,240,3.43,7778.3,369.7,79.4,1002.5,306.64,195.5,57.2,Efficient (Tier B)
Data Center,343821.1,41.6,0.72,9910.3,365,3.82,1479.6,1938.8,41.4,2758.8,1300.05,416.3,38.1,Moderate (Tier C)
Data Center,609664.2,34.4,0.75,11653.4,365,4.97,4285.0,264.7,70.8,6934.2,2349.76,627.8,46.0,Moderate (Tier C)
Manufacturing,717060.5,64.2,0.88,28157.4,250,4.08,36963.3,8101.7,67.3,14349.4,2168.94,305.6,58.4,Efficient (Tier B)
Healthcare,1058146.7,69.9,0.71,44288.2,365,3.22,12303.0,1771.9,21.4,20962.7,3149.42,286.7,47.6,Moderate (Tier C)
Logistics Hub,675569.9,74.8,0.69,69290.9,320,2.97,20197.8,8565.5,82.1,6519.4,1679.15,117.0,69.3,Efficient (Tier B)
Healthcare,570387.9,41.1,0.83,26488.3,365,4.05,14617.2,3706.6,73.9,20396.9,2248.43,258.4,57.4,Efficient (Tier B)
Healthcare,1242546.9,27.7,0.71,33765.4,365,4.29,11753.5,2449.9,34.2,31472.2,5647.76,441.6,39.0,Moderate (Tier C)
Commercial Office,32681.9,28.8,0.64,2725.1,260,4.24,7663.8,676.4,62.5,537.0,184.55,143.9,59.0,Efficient (Tier B)
Logistics Hub,241386.0,41.7,0.64,25064.7,280,3.81,30351.7,14465.2,40.2,4009.2,1829.0,115.6,51.8,Moderate (Tier C)
Healthcare,1400399.6,49.7,0.86,31562.4,365,2.92,6891.0,5613.0,70.2,30089.9,4389.55,532.4,43.5,Moderate (Tier C)
Logistics Hub,827360.6,41.8,0.55,71796.7,280,3.44,17211.7,6674.9,48.1,14941.1,4510.17,138.3,49.6,Moderate (Tier C)
Manufacturing,1420544.6,42.3,0.82,34961.2,350,2.12,15079.9,13049.1,58.8,28788.1,5533.86,487.6,34.8,High Risk (Tier D)
Commercial Office,236395.5,29.7,0.63,12248.8,260,3.09,6639.4,2259.0,30.6,4098.2,1303.23,231.6,43.4,Moderate (Tier C)
Manufacturing,824843.8,55.8,0.8,49353.9,300,3.77,12986.8,6455.3,27.4,37090.9,3929.02,200.6,48.7,Moderate (Tier C)
Healthcare,740059.3,43.4,0.79,23035.6,365,4.44,4231.8,5000.7,58.5,26771.1,2834.76,385.5,51.2,Moderate (Tier C)
Commercial Office,134519.8,34.2,0.68,13536.5,260,4.68,1019.8,1195.4,51.5,3829.6,762.06,119.3,62.5,Efficient (Tier B)
Manufacturing,1178384.3,67.7,0.78,54049.3,300,4.22,15706.7,6927.2,64.6,59926.5,3428.06,261.6,61.0,Efficient (Tier B)
Commercial Office,240789.1,26.2,0.75,26051.5,260,3.44,3716.9,1505.3,29.3,6678.3,1778.67,110.9,46.0,Moderate (Tier C)
Commercial Office,355101.6,39.9,0.58,22423.6,240,3.3,6098.4,2244.4,73.4,7333.4,1523.47,190.0,52.4,Moderate (Tier C)
Data Center,282586.8,61.6,0.79,9559.4,360,4.75,687.4,1695.1,68.8,5188.8,699.82,354.7,60.7,Efficient (Tier B)
Manufacturing,1089706.9,6.1,0.68,66840.9,250,2.43,39576.1,5712.4,44.2,61809.0,6869.04,195.6,29.0,High Risk (Tier D)
Commercial Office,184930.9,51.2,0.48,11847.9,240,4.35,3614.5,780.5,71.8,2193.8,604.83,187.3,63.2,Efficient (Tier B)
Commercial Office,199286.6,49.5,0.58,12048.3,240,3.81,6090.5,1009.5,78.2,2299.2,673.63,198.5,64.1,Efficient (Tier B)
Logistics Hub,911833.6,70.0,0.63,75444.9,280,2.7,25443.5,13924.6,54.9,16201.7,3612.52,145.0,58.6,Efficient (Tier B)
Commercial Office,63601.7,17.6,0.53,4501.5,240,3.86,7151.3,2233.3,62.4,1457.2,401.01,169.5,46.2,Moderate (Tier C)
Healthcare,758108.0,35.0,0.79,37103.6,365,4.52,8163.3,821.4,28.5,15290.9,3818.36,245.2,47.9,Moderate (Tier C)
Commercial Office,369300.5,57.8,0.51,20604.6,240,3.05,7538.4,510.6,81.0,2760.5,927.04,215.1,52.1,Moderate (Tier C)
Commercial Office,336730.8,53.9,0.69,15359.1,260,4.22,7998.1,1839.8,63.2,2062.0,1209.35,263.1,56.0,Efficient (Tier B)
Healthcare,636659.3,45.9,0.69,14445.8,365,3.16,13897.2,3219.1,53.1,6782.4,1995.82,528.9,43.9,Moderate (Tier C)
Data Center,409431.9,19.6,0.84,6935.0,360,4.95,1545.3,1786.3,87.9,2752.9,1830.33,708.5,48.7,Moderate (Tier C)
Manufacturing,1023955.5,29.9,0.73,51346.9,300,3.79,23136.6,13871.4,51.3,17933.9,5417.74,239.3,44.8,Moderate (Tier C)
Manufacturing,1045303.9,33.7,0.82,42703.7,300,3.9,42648.6,12342.6,41.6,34498.4,5283.27,293.7,44.1,Moderate (Tier C)
Logistics Hub,147638.9,46.9,0.64,23122.2,365,3.07,58272.5,8379.8,33.4,1609.5,1351.23,76.6,54.4,Moderate (Tier C)
Commercial Office,56411.4,57.4,0.61,5095.2,240,4.31,6635.8,2399.0,36.7,1769.5,330.61,132.9,65.5,Efficient (Tier B)
Logistics Hub,122648.3,51.8,0.63,21484.6,280,3.52,17462.1,11496.6,78.6,5095.1,968.64,68.5,64.8,Efficient (Tier B)
Manufacturing,2664186.4,52.3,0.83,62009.9,300,2.38,37444.2,4366.9,46.3,30520.3,8510.29,515.6,34.9,High Risk (Tier D)
Manufacturing,1246645.9,16.2,0.75,70550.4,300,4.24,11261.2,6399.7,82.9,60476.4,6554.37,212.0,51.2,Moderate (Tier C)
Manufacturing,1389764.9,40.5,0.64,69458.7,300,3.19,18239.7,12049.4,46.1,40208.2,6622.81,240.1,48.2,Moderate (Tier C)
Data Center,1229684.9,33.4,0.8,30652.4,365,4.56,587.3,788.6,90.0,17679.5,4016.92,481.4,52.1,Moderate (Tier C)
Commercial Office,177872.3,38.6,0.77,19748.9,240,4.37,2254.4,581.5,44.9,6211.8,954.29,108.1,64.6,Efficient (Tier B)
Data Center,327624.3,26.4,0.81,9568.7,365,4.24,2031.0,1740.7,50.5,4409.3,1433.85,410.9,39.1,Moderate (Tier C)
Data Center,962433.9,89.6,0.89,28062.9,365,3.15,2910.5,1738.0,45.8,5694.8,1170.22,411.5,59.2,Efficient (Tier B)
Healthcare,1255702.8,39.0,0.81,39153.4,365,3.82,8201.6,5141.5,26.1,48216.4,5245.11,384.9,34.6,High Risk (Tier D)
Data Center,448946.7,32.3,0.83,8462.1,365,3.46,1398.1,268.0,42.9,4959.0,1781.97,636.6,31.1,High Risk (Tier D)
Commercial Office,162801.4,63.6,0.75,8467.4,260,4.58,1022.7,239.7,49.7,3201.5,519.85,230.7,62.7,Efficient (Tier B)
Logistics Hub,880460.4,49.6,0.59,64078.9,320,3.32,57048.5,4678.5,66.9,5898.8,3333.64,164.9,60.4,Efficient (Tier B)
Data Center,241940.3,23.5,0.86,6186.7,365,4.44,4378.4,1377.3,42.9,3136.4,1094.54,469.3,36.9,Moderate (Tier C)
Commercial Office,125838.7,65.5,0.65,14479.4,260,3.65,2825.3,2048.7,28.1,5214.7,758.76,104.3,58.0,Efficient (Tier B)
Healthcare,1131588.9,38.4,0.68,28953.9,365,3.26,13472.4,904.6,44.6,35555.4,4300.82,469.0,39.6,Moderate (Tier C)
Healthcare,334509.8,41.9,0.74,8262.6,365,3.88,10804.9,4453.7,42.0,11993.8,1395.61,485.8,43.2,Moderate (Tier C)
Manufacturing,2466640.7,12.9,0.69,71990.7,300,3.67,41113.2,12205.2,24.9,48442.2,13448.2,411.2,23.8,High Risk (Tier D)
Healthcare,1058577.6,17.9,0.86,29351.4,365,3.39,4177.1,2770.8,57.0,23156.3,5166.82,432.8,30.0,High Risk (Tier D)
Commercial Office,293935.5,26.8,0.57,16243.4,240,4.44,2774.1,1130.7,27.0,3918.1,1535.53,217.1,47.9,Moderate (Tier C)
Data Center,1116629.9,70.0,0.76,33407.1,360,3.32,4533.3,928.1,85.1,15814.1,2065.9,401.1,51.1,Moderate (Tier C)
Commercial Office,148730.3,15.0,0.59,8617.6,240,4.26,3129.8,1004.3,40.7,2241.1,888.58,207.1,46.6,Moderate (Tier C)
Healthcare,412434.8,24.5,0.85,15704.6,365,3.36,4489.8,3422.2,24.3,21235.9,2167.75,315.1,34.5,High Risk (Tier D)
Commercial Office,221223.8,20.7,0.64,11979.3,240,3.21,6940.6,1781.1,72.6,2642.0,1128.0,221.6,37.7,Moderate (Tier C)
Data Center,590059.1,81.1,0.7,23506.5,365,3.57,3136.0,1256.2,54.6,10987.8,1040.86,301.2,60.4,Efficient (Tier B)
Commercial Office,226109.8,20.9,0.68,14561.7,260,3.86,4293.3,143.2,69.7,5531.0,1074.81,186.3,43.9,Moderate (Tier C)
Manufacturing,2371365.5,39.3,0.64,61025.4,350,4.17,26090.2,13158.4,27.8,44879.2,9103.38,466.3,35.5,Moderate (Tier C)
Manufacturing,1393224.7,49.4,0.87,62172.7,300,3.04,5607.0,5404.9,49.3,43080.9,4739.5,268.9,44.9,Moderate (Tier C)
Manufacturing,851458.7,10.2,0.67,31958.1,300,2.29,19601.9,7189.2,52.7,27511.3,4976.87,319.7,22.4,High Risk (Tier D)
Manufacturing,704655.5,37.2,0.79,21870.6,250,3.34,5359.9,5093.7,39.3,14568.9,3172.64,386.6,42.8,Moderate (Tier C)
Manufacturing,397077.1,53.2,0.76,12141.6,300,2.64,8431.8,3091.2,28.3,13731.0,1427.21,392.4,37.5,Moderate (Tier C)
Manufacturing,1087687.2,74.9,0.85,33187.0,300,3.57,16017.2,13612.9,84.8,19560.0,2047.16,393.3,63.7,Efficient (Tier B)
Commercial Office,91029.3,83.9,0.62,7353.9,240,3.06,7111.1,1098.2,51.5,2324.6,251.87,148.5,64.7,Efficient (Tier B)
Manufacturing,684511.1,13.6,0.87,22433.0,350,1.98,32702.9,8862.8,54.7,25051.3,3429.95,366.2,23.6,High Risk (Tier D)
Data Center,1234981.8,87.5,0.82,31383.9,360,3.14,2654.2,510.2,70.5,20443.5,1302.02,472.2,62.8,Efficient (Tier B)
Healthcare,1075398.7,56.5,0.65,27504.4,365,4.64,4566.8,5917.4,56.1,33277.1,2866.69,469.2,55.0,Efficient (Tier B)
Commercial Office,243347.5,61.3,0.47,15206.6,240,4.16,6153.6,625.7,75.0,3541.8,636.39,192.0,68.4,Efficient (Tier B)
Commercial Office,105451.5,36.6,0.76,4910.9,260,3.84,4314.0,864.3,72.9,1567.9,440.04,257.7,49.5,Moderate (Tier C)
Manufacturing,595892.3,23.4,0.75,14556.6,350,3.72,7078.6,12317.0,35.7,10370.5,3143.92,491.2,29.6,High Risk (Tier D)
Manufacturing,1722274.9,36.9,0.71,41395.9,350,2.76,9037.9,13542.7,45.9,36732.3,7095.75,499.3,33.9,High Risk (Tier D)
Manufacturing,1382450.5,31.6,0.64,31105.8,350,3.88,14124.0,13066.7,52.6,25920.9,5917.22,533.3,40.7,Moderate (Tier C)
Manufacturing,1568520.3,20.7,0.75,49329.6,300,3.85,37390.8,12639.4,50.3,26476.8,7708.0,381.6,33.0,High Risk (Tier D)
Data Center,656711.6,31.5,0.86,12952.7,365,4.04,1006.7,1881.2,62.4,4017.2,2396.99,608.4,43.6,Moderate (Tier C)
Manufacturing,1355733.1,12.2,0.74,34905.7,250,4.15,7850.3,12251.1,27.0,35026.9,7336.36,466.1,25.7,High Risk (Tier D)
Manufacturing,254270.1,73.0,0.76,16575.6,350,2.46,10262.6,5627.3,75.9,18325.6,774.55,184.1,60.7,Efficient (Tier B)
Manufacturing,744751.7,38.1,0.73,17151.2,250,2.99,6842.8,8526.5,59.9,10371.3,2654.06,521.1,33.4,High Risk (Tier D)
Commercial Office,454568.5,76.9,0.6,26326.4,260,4.29,668.4,1539.7,28.6,8124.9,1312.48,207.2,66.8,Efficient (Tier B)
Manufacturing,1279936.1,32.6,0.65,41207.0,250,2.99,38328.4,13152.9,36.5,35668.0,5937.54,372.7,31.6,High Risk (Tier D)
Data Center,2047361.3,78.5,0.93,34464.1,365,3.51,1356.9,1405.9,44.4,6901.1,2956.65,712.9,50.0,Moderate (Tier C)
Commercial Office,98700.7,17.2,0.62,7361.7,240,4.56,1446.1,395.9,29.7,1061.8,628.27,160.9,42.7,Moderate (Tier C)
Commercial Office,287532.7,61.7,0.72,20476.4,240,3.89,4777.3,228.6,38.5,2910.7,1125.05,168.5,55.2,Efficient (Tier B)
Manufacturing,1340517.0,9.5,0.69,42764.6,350,3.3,18640.8,13542.4,61.8,33898.0,7678.26,376.2,32.6,High Risk (Tier D)
Logistics Hub,885522.2,29.2,0.63,53199.5,365,3.23,43772.4,5806.5,83.3,7238.5,4116.08,199.7,53.8,Moderate (Tier C)
Commercial Office,65212.6,72.8,0.74,3136.4,240,3.6,3518.0,463.5,42.2,729.4,173.35,249.5,60.4,Efficient (Tier B)
Manufacturing,362852.5,47.5,0.89,10350.9,300,2.12,17829.3,12411.7,46.2,5271.8,1608.11,420.7,37.1,Moderate (Tier C)
Healthcare,632867.6,43.2,0.84,15690.2,365,4.12,5072.4,1308.9,30.4,16220.2,2515.16,484.0,45.9,Moderate (Tier C)
Healthcare,221963.4,18.6,0.9,10081.1,365,4.37,13985.8,1814.3,48.0,14684.4,1159.64,264.2,46.8,Moderate (Tier C)
Manufacturing,1629843.4,70.8,0.73,63930.2,350,2.52,23198.0,7649.4,41.4,59837.3,4183.17,305.9,45.8,Moderate (Tier C)
Data Center,265493.1,70.0,0.84,6266.0,360,3.15,3554.5,516.9,52.9,3947.8,543.11,508.4,49.0,Moderate (Tier C)
Logistics Hub,439495.1,23.2,0.54,32526.2,320,3.46,31794.3,10905.5,84.1,5393.7,2590.3,162.1,45.4,Moderate (Tier C)
Logistics Hub,778363.9,27.6,0.43,58822.2,320,3.1,26836.2,6290.5,71.0,7208.9,3627.3,158.8,51.0,Moderate (Tier C)
Manufacturing,1636565.8,73.3,0.83,54452.0,250,3.32,32497.5,5905.0,38.6,20978.4,4098.53,360.7,50.3,Moderate (Tier C)
Manufacturing,1295236.6,14.0,0.61,37547.5,300,3.39,27399.7,10867.1,21.2,38724.7,7358.61,414.0,28.9,High Risk (Tier D)
Data Center,913216.4,66.9,0.86,25689.2,360,4.14,2320.3,854.5,93.4,8479.7,1564.27,426.6,59.5,Efficient (Tier B)
Commercial Office,113209.1,79.8,0.6,6920.0,240,3.32,4371.0,831.6,44.4,2120.1,358.24,196.3,63.0,Efficient (Tier B)
Commercial Office,71270.5,42.6,0.67,7403.6,240,4.09,3427.8,1097.9,31.5,1782.4,463.71,115.5,51.7,Moderate (Tier C)
Data Center,689166.3,81.7,0.87,14289.0,360,3.43,1325.3,977.0,68.6,9867.1,907.58,578.8,57.2,Efficient (Tier B)
Commercial Office,210811.0,40.5,0.46,26102.7,240,3.97,1063.6,422.1,71.0,7659.2,1009.28,96.9,57.2,Efficient (Tier B)
Logistics Hub,426679.3,44.8,0.63,51232.6,365,2.89,55167.5,10421.1,35.6,9498.3,3069.57,99.9,53.7,Moderate (Tier C)
Manufacturing,1286259.8,30.8,0.89,28896.9,300,2.49,24178.2,6407.3,44.3,32434.9,6118.84,534.1,32.1,High Risk (Tier D)
Data Center,895975.8,11.7,0.86,16506.0,360,4.4,1811.4,805.1,72.0,6356.2,4606.36,651.4,38.3,Moderate (Tier C)
Logistics Hub,972845.0,40.8,0.45,60424.2,280,4.24,35103.3,8801.5,59.8,4691.9,4054.77,193.2,57.6,Efficient (Tier B)
Healthcare,847824.1,33.8,0.76,22934.9,365,4.72,9790.6,4998.9,38.5,11932.8,3990.87,443.6,42.9,Moderate (Tier C)
Commercial Office,359907.7,53.0,0.48,17945.5,240,3.66,7003.1,2386.4,88.1,3974.2,1009.9,240.7,58.9,Efficient (Tier B)
Commercial Office,185869.0,77.8,0.53,9734.7,240,3.45,2952.1,1556.1,89.7,3690.8,325.15,229.1,69.4,Efficient (Tier B)
Manufacturing,210828.6,27.7,0.78,11467.0,300,2.71,26970.7,10980.3,66.9,11530.4,1279.73,220.6,41.4,Moderate (Tier C)
Data Center,1448624.2,32.1,0.93,24733.7,365,4.23,3134.2,1185.7,44.7,14451.6,5900.91,702.8,43.3,Moderate (Tier C)
Commercial Office,59505.4,77.3,0.63,5339.6,260,3.63,774.7,569.8,44.0,1858.3,212.18,133.7,65.0,Efficient (Tier B)
Manufacturing,2551259.7,63.1,0.73,66868.3,250,2.25,6867.4,11354.4,65.8,35261.5,5831.95,457.8,50.2,Moderate (Tier C)
Data Center,1311864.7,29.8,0.87,33370.2,360,4.06,1648.5,1416.2,71.5,17537.6,5450.39,471.7,43.6,Moderate (Tier C)
Data Center,770797.2,14.7,0.86,29646.1,365,4.44,2751.4,1809.4,85.1,22291.5,3910.18,312.0,48.4,Moderate (Tier C)
Manufacturing,323896.4,70.3,0.76,12450.3,300,3.71,16921.6,6945.2,51.7,6242.6,1085.85,312.2,57.9,Efficient (Tier B)
Data Center,1212400.1,45.5,0.79,23913.4,360,3.0,1040.7,1162.2,80.2,14469.5,3344.36,608.4,47.0,Moderate (Tier C)
Manufacturing,756552.6,61.7,0.66,43921.0,350,1.93,39006.9,13971.0,44.3,48236.2,3424.91,206.7,46.2,Moderate (Tier C)
Data Center,605564.9,67.0,0.78,11939.4,365,3.35,3111.0,1827.3,50.3,4681.6,1309.7,608.6,49.7,Moderate (Tier C)
Manufacturing,1270025.3,7.7,0.66,50611.7,350,2.6,40528.4,12087.2,61.5,36723.4,8068.62,301.1,30.5,High Risk (Tier D)
Healthcare,426049.5,30.8,0.89,9872.1,365,3.18,10793.1,1279.8,57.5,11870.9,1823.33,517.9,33.6,High Risk (Tier D)
Commercial Office,124877.5,88.8,0.59,12440.5,240,4.23,4164.5,1547.7,68.4,2459.2,300.57,120.5,75.8,Leader (Tier A)
Commercial Office,40581.1,41.7,0.67,3227.7,240,3.78,7204.8,2438.4,38.8,367.6,293.9,150.9,54.3,Moderate (Tier C)
Logistics Hub,854476.9,15.1,0.44,64137.8,280,3.14,41631.4,5011.2,78.7,5098.4,4472.17,159.9,51.0,Moderate (Tier C)
Commercial Office,427817.9,78.1,0.7,23067.5,240,4.16,1673.2,2139.8,44.4,7332.1,1051.47,222.6,59.9,Efficient (Tier B)
Manufacturing,1074439.1,44.3,0.61,30578.9,250,3.67,39838.7,6108.0,77.4,30358.6,3504.94,421.6,43.4,Moderate (Tier C)
Commercial Office,255822.4,27.9,0.65,16778.7,240,3.7,2686.9,740.6,62.7,6356.7,1213.86,183.0,45.7,Moderate (Tier C)
Commercial Office,322211.4,20.4,0.62,17554.7,260,4.22,2837.8,835.0,82.3,6167.9,1563.71,220.3,55.0,Efficient (Tier B)
Logistics Hub,402653.1,59.8,0.73,31683.0,280,3.42,53015.6,16565.9,36.0,3261.1,2128.1,152.5,58.2,Efficient (Tier B)
Data Center,267968.2,81.5,0.87,6006.4,365,3.06,2993.8,1571.7,41.8,3137.9,490.7,535.4,46.8,Moderate (Tier C)
Manufacturing,748249.2,74.0,0.73,33838.9,350,4.38,13930.2,13067.7,56.0,23122.2,2138.75,265.3,71.6,Efficient (Tier B)
Data Center,829288.7,49.3,0.89,32925.0,365,4.86,746.5,958.8,84.4,20562.4,2538.8,302.2,62.0,Efficient (Tier B)
Data Center,608668.9,66.5,0.8,10389.4,360,3.18,3352.3,1846.3,44.3,3378.5,1395.78,703.0,50.1,Moderate (Tier C)
Commercial Office,194629.3,16.0,0.71,18905.1,260,4.78,3330.4,1167.4,84.9,2153.9,1038.0,123.5,62.5,Efficient (Tier B)
Commercial Office,79770.0,81.1,0.74,5601.5,240,3.48,2354.0,1896.1,83.0,1000.5,184.55,170.9,69.1,Efficient (Tier B)
Data Center,506368.0,77.0,0.72,10893.2,365,4.87,4400.1,1968.6,86.2,5628.5,745.51,557.8,67.1,Efficient (Tier B)
Healthcare,910350.0,55.0,0.77,31977.2,365,4.52,5881.1,5603.5,54.7,20874.3,3055.43,341.6,52.5,Moderate (Tier C)
Commercial Office,324667.5,51.7,0.78,22988.8,260,2.57,7094.0,131.2,47.2,8814.5,1263.06,169.5,44.8,Moderate (Tier C)
Manufacturing,1102388.4,19.2,0.77,70074.2,350,2.51,43185.6,9243.0,29.5,79923.6,6762.08,188.8,31.9,High Risk (Tier D)
Manufacturing,2325054.4,13.1,0.66,65628.5,250,1.9,9922.1,13836.2,27.0,38307.0,12431.13,425.1,12.0,High Risk (Tier D)
Manufacturing,2306758.6,37.2,0.68,56764.9,350,2.45,21608.6,9381.1,43.6,41612.6,9236.08,487.6,30.3,High Risk (Tier D)
Manufacturing,1623549.6,55.9,0.8,48132.0,350,3.33,19177.0,6573.8,49.4,32280.6,5448.62,404.8,49.8,Moderate (Tier C)
Manufacturing,2845767.0,7.5,0.7,65687.4,250,2.86,21208.6,3506.3,54.3,67806.1,14946.86,519.9,27.2,High Risk (Tier D)
Manufacturing,1125345.4,14.2,0.87,53022.1,250,3.07,21446.0,4838.8,64.2,50741.8,6644.8,254.7,36.3,Moderate (Tier C)
Data Center,998926.6,77.2,0.92,30273.7,360,3.24,561.4,745.8,56.3,18733.2,1826.85,396.0,50.6,Moderate (Tier C)
Manufacturing,1166620.3,6.0,0.72,42217.5,250,3.59,40276.1,6912.7,57.4,23679.5,6504.24,331.6,32.0,High Risk (Tier D)
Healthcare,672021.7,56.6,0.7,22884.2,365,3.66,14797.7,2348.3,61.2,24249.8,2151.13,352.4,57.3,Efficient (Tier B)
Manufacturing,1045441.4,8.8,0.86,31370.3,250,3.57,20482.0,9766.7,49.7,10675.1,5768.78,399.9,25.8,High Risk (Tier D)
Commercial Office,355256.3,57.8,0.49,17389.4,260,4.18,3378.4,2367.9,78.7,4252.4,1017.68,245.2,63.6,Efficient (Tier B)
Data Center,366320.7,85.2,0.88,13257.1,365,4.7,3677.3,1082.8,71.7,4701.2,453.36,331.6,72.1,Efficient (Tier B)
Healthcare,432524.7,33.7,0.85,16182.5,365,2.89,14897.2,1477.8,47.1,20643.6,1806.71,320.7,40.6,Moderate (Tier C)
Manufacturing,1841587.1,38.1,0.76,67242.3,250,3.64,29361.2,11227.8,61.8,47210.3,7600.29,328.6,44.8,Moderate (Tier C)
Data Center,331906.5,83.4,0.94,8242.3,360,3.16,4731.8,669.2,82.5,5868.6,413.39,483.2,56.3,Efficient (Tier B)
Healthcare,577638.8,40.6,0.84,14246.8,365,3.99,6383.6,2165.0,52.2,7608.9,2323.04,486.5,44.2,Moderate (Tier C)
Healthcare,678986.6,18.5,0.74,21295.5,365,4.08,13716.4,1652.4,54.4,17452.8,3198.6,382.6,41.4,Moderate (Tier C)
Logistics Hub,1067566.8,47.1,0.5,62376.6,365,2.63,42135.6,4799.9,70.2,14268.9,4180.21,205.4,49.6,Moderate (Tier C)
Data Center,906228.9,20.9,0.71,29947.2,365,4.17,1675.6,1967.4,41.4,22123.2,4768.66,363.1,34.7,High Risk (Tier D)
Manufacturing,1813253.0,41.1,0.88,54741.5,250,4.45,30481.9,3939.7,30.0,61051.2,7183.61,397.5,42.4,Moderate (Tier C)
Commercial Office,517362.2,38.2,0.71,27808.3,240,4.35,5116.2,1909.1,56.4,6511.7,2348.64,223.3,49.6,Moderate (Tier C)
Healthcare,817585.6,46.5,0.72,19953.6,365,4.12,3780.8,4371.7,50.8,28027.5,2998.9,491.7,45.3,Moderate (Tier C)
Commercial Office,485234.5,22.2,0.54,28911.3,240,4.59,1283.6,1828.6,85.0,8852.2,2299.1,201.4,60.7,Efficient (Tier B)
Commercial Office,234575.1,78.2,0.71,17917.2,240,2.71,5555.1,235.6,50.9,5408.4,722.56,157.1,63.0,Efficient (Tier B)
Data Center,807003.0,81.6,0.78,20663.8,360,4.24,2553.5,1809.4,84.1,10305.5,1041.1,468.6,65.2,Efficient (Tier B)
Logistics Hub,333091.5,52.8,0.54,41682.8,280,2.52,49945.1,15503.1,52.7,2580.0,1963.44,95.9,58.7,Efficient (Tier B)
Manufacturing,2540050.8,73.6,0.86,61603.2,350,2.53,39204.4,6157.6,37.4,72429.4,5598.0,494.8,48.5,Moderate (Tier C)
Data Center,309456.6,47.3,0.81,6229.3,360,4.61,1721.2,1048.9,46.2,3903.3,930.73,596.1,50.3,Moderate (Tier C)
Data Center,1489633.8,56.9,0.86,26176.5,360,3.8,2013.4,622.1,74.7,12784.3,3605.9,682.9,48.0,Moderate (Tier C)
Commercial Office,195772.1,30.7,0.51,9199.3,240,2.85,573.9,671.4,40.7,3183.7,942.58,255.4,32.0,High Risk (Tier D)
Manufacturing,672504.1,30.9,0.62,18443.4,350,4.05,14998.4,9314.3,51.6,15246.7,3004.8,437.6,44.3,Moderate (Tier C)
Manufacturing,585282.0,8.6,0.66,30395.8,250,3.64,31429.1,13407.3,77.5,29080.0,3406.4,231.1,44.2,Moderate (Tier C)
Commercial Office,371569.2,71.1,0.66,26154.9,260,2.81,2901.4,2292.3,32.4,5826.5,1317.03,170.5,59.1,Efficient (Tier B)
Data Center,661822.5,52.1,0.89,12426.9,365,3.09,4105.3,1287.9,80.8,3965.8,1730.45,639.1,43.4,Moderate (Tier C)
Commercial Office,353447.0,38.5,0.56,23571.5,240,2.54,4120.5,894.4,78.7,7592.2,1356.93,179.9,49.4,Moderate (Tier C)
Manufacturing,1889290.4,13.9,0.9,48672.0,250,2.12,31197.6,5399.6,80.7,14612.2,8923.41,465.8,31.1,High Risk (Tier D)
Commercial Office,296256.3,38.3,0.72,26285.9,260,3.79,4064.7,1997.4,65.0,3681.7,1418.06,135.2,54.9,Moderate (Tier C)
Commercial Office,291554.1,16.7,0.76,21346.6,240,4.12,5336.4,997.5,44.7,8224.5,1746.64,163.9,49.1,Moderate (Tier C)
Manufacturing,1720750.9,54.5,0.68,69869.5,350,3.61,12870.4,12747.8,52.5,27601.2,6200.08,295.5,50.7,Moderate (Tier C)
Data Center,914801.2,42.0,0.87,31097.9,365,4.93,1070.0,957.1,60.0,15193.3,3262.37,353.0,53.7,Moderate (Tier C)
Manufacturing,476496.3,51.2,0.73,13397.5,350,3.47,31034.7,4386.7,79.1,6916.9,1591.43,426.8,45.6,Moderate (Tier C)
Manufacturing,1546600.4,28.8,0.64,73855.4,250,4.14,16788.6,2021.7,84.4,37033.8,6172.21,251.3,54.8,Moderate (Tier C)
Healthcare,687501.6,17.2,0.73,27371.0,365,3.46,2256.4,1503.0,32.7,31879.5,4313.3,301.4,39.4,Moderate (Tier C)
Data Center,799710.8,89.6,0.85,15522.1,360,4.15,796.5,544.3,60.7,6898.7,728.0,618.2,64.4,Efficient (Tier B)
Logistics Hub,483706.4,74.9,0.44,58164.8,365,3.44,54372.3,15351.6,83.9,14320.0,1793.33,99.8,70.9,Efficient (Tier B)
Data Center,1019850.2,26.4,0.73,26948.1,365,3.63,1828.0,1520.1,45.4,19477.2,4349.9,454.1,38.9,Moderate (Tier C)
Commercial Office,350044.1,38.5,0.64,27138.3,260,4.74,6210.9,1116.1,59.2,2750.5,1553.23,154.8,58.7,Efficient (Tier B)
Logistics Hub,232456.0,59.7,0.55,36076.3,280,3.91,50671.7,12807.6,70.6,2905.3,1411.92,77.3,74.5,Efficient (Tier B)
Commercial Office,36943.2,74.3,0.57,2684.0,240,3.33,5508.5,197.4,77.2,583.0,104.53,165.2,63.9,Efficient (Tier B)
Commercial Office,239472.0,74.5,0.54,22052.2,260,4.48,2388.6,2454.5,30.6,6265.3,1019.39,130.3,68.2,Efficient (Tier B)
Data Center,541405.9,79.3,0.71,10503.7,360,3.64,3185.0,1288.6,43.4,5126.6,836.57,618.5,57.5,Efficient (Tier B)
Data Center,1246837.1,43.8,0.73,29464.6,365,4.04,3839.9,1117.5,41.5,13361.3,4602.55,507.8,40.0,Moderate (Tier C)
Healthcare,906463.7,11.1,0.87,20415.6,365,3.46,9641.3,5205.9,24.1,18076.0,4959.99,532.8,24.3,High Risk (Tier D)
Logistics Hub,848019.9,58.9,0.64,48175.5,280,3.54,52637.3,15622.7,42.5,11621.2,3491.1,211.2,57.9,Efficient (Tier B)
Healthcare,279884.1,69.6,0.78,8750.4,365,3.28,3621.1,3848.3,61.7,10856.4,717.48,383.8,45.0,Moderate (Tier C)
Manufacturing,2062754.4,65.7,0.9,61586.1,300,1.88,29204.1,6748.9,68.5,35030.5,4885.73,401.9,45.0,Moderate (Tier C)
Logistics Hub,809064.9,57.1,0.45,70754.8,320,3.18,39459.3,13963.5,72.3,6522.6,3259.43,137.2,60.9,Efficient (Tier B)
Healthcare,1221026.6,33.9,0.68,28669.0,365,3.15,7572.6,1458.9,35.7,29326.3,5188.28,511.1,36.8,Moderate (Tier C)
Manufacturing,527499.5,72.8,0.78,21049.3,300,4.02,27179.6,4157.6,68.9,15176.2,1211.4,300.7,60.6,Efficient (Tier B)
Manufacturing,1002653.5,18.8,0.74,62725.6,250,4.04,6970.9,12229.3,40.6,49776.6,5904.38,191.8,39.9,Moderate (Tier C)
Logistics Hub,396611.4,53.8,0.42,33325.4,280,4.5,52948.6,9064.8,72.2,1735.2,1364.18,142.8,66.4,Efficient (Tier B)
Commercial Office,435795.8,70.8,0.75,20222.5,240,2.76,1672.5,1148.9,62.7,4430.1,954.86,258.6,53.7,Moderate (Tier C)
Logistics Hub,290446.2,14.7,0.48,40228.7,365,2.82,30330.8,8535.7,79.8,6735.3,1905.89,86.6,47.5,Moderate (Tier C)
Manufacturing,1635220.8,72.1,0.81,46554.6,250,3.41,8607.8,9272.2,66.5,17721.9,3304.65,421.5,52.2,Moderate (Tier C)
Logistics Hub,937382.3,69.5,0.61,66230.4,365,3.05,51324.5,9137.9,80.8,7510.5,2353.57,169.8,58.8,Efficient (Tier B)
Manufacturing,1325722.9,73.6,0.86,33163.8,250,2.45,25388.9,6559.5,42.8,23335.3,3290.79,479.7,43.1,Moderate (Tier C)
Manufacturing,748661.3,21.0,0.61,39391.9,350,3.85,10994.5,8861.9,20.7,20809.9,4740.2,228.1,38.6,Moderate (Tier C)
Manufacturing,448467.6,8.2,0.64,18472.1,250,1.8,39860.3,2364.6,37.3,17391.1,2601.78,291.3,20.2,High Risk (Tier D)
Logistics Hub,494910.2,55.8,0.47,47318.2,365,3.78,33626.7,7780.8,55.0,4323.3,2370.49,125.5,62.5,Efficient (Tier B)
Commercial Office,124070.2,62.7,0.65,7030.5,260,3.21,2314.7,768.3,72.5,2593.8,358.05,211.8,59.9,Efficient (Tier B)
Commercial Office,575313.3,82.6,0.71,27704.3,260,3.38,7676.1,891.9,42.6,10767.4,1166.48,249.2,55.7,Efficient (Tier B)
Data Center,1741897.1,11.9,0.76,29106.3,365,3.62,3251.1,1935.3,43.1,7490.3,8620.33,718.2,28.3,High Risk (Tier D)
Healthcare,424350.0,33.5,0.83,9939.0,365,4.15,8793.4,4866.2,47.0,5677.3,1880.86,512.3,41.2,Moderate (Tier C)
Data Center,329856.2,25.4,0.78,8312.3,365,4.53,911.7,1125.0,84.6,2817.4,1410.11,476.2,47.2,Moderate (Tier C)
Logistics Hub,263751.0,11.6,0.73,23777.5,365,3.08,29988.9,9971.6,82.1,1851.3,1584.23,133.1,42.3,Moderate (Tier C)
Data Center,1001299.5,87.9,0.93,21623.9,360,3.31,3800.0,200.7,55.8,12059.8,1092.55,555.7,60.0,Efficient (Tier B)
Data Center,505137.2,32.4,0.88,10565.8,360,3.1,1168.3,945.1,59.6,5177.6,2083.64,573.7,33.5,High Risk (Tier D)
Commercial Office,97368.4,73.6,0.73,6557.7,240,3.48,4530.6,154.0,69.2,1529.5,253.36,178.2,62.5,Efficient (Tier B)
Data Center,1367136.0,34.3,0.7,24054.7,365,3.81,3096.4,473.9,92.6,7360.4,4365.89,682.0,48.2,Moderate (Tier C)
Logistics Hub,853078.2,66.2,0.69,62717.1,320,4.11,44662.0,9572.8,52.4,9578.6,3069.37,163.2,64.0,Efficient (Tier B)
Commercial Office,120177.2,57.2,0.77,12867.4,240,3.32,994.2,500.9,48.2,5119.3,564.22,112.1,60.4,Efficient (Tier B)
Manufacturing,652523.3,10.5,0.8,28733.2,350,4.41,32353.7,11504.5,51.7,16190.2,4141.71,272.5,44.3,Moderate (Tier C)
Healthcare,492010.7,70.0,0.89,19639.5,365,3.69,4271.2,1833.0,34.7,13920.1,1372.15,300.6,55.4,Efficient (Tier B)
Data Center,714611.5,49.4,0.77,14864.1,360,3.54,3957.9,1793.0,65.9,4948.5,2036.62,576.9,46.3,Moderate (Tier C)
Commercial Office,494253.3,64.2,0.63,26460.1,240,3.21,1587.7,1868.3,25.6,7419.8,1793.18,224.2,51.9,Moderate (Tier C)
Healthcare,916494.5,59.4,0.74,42318.1,365,3.61,2017.6,3384.9,68.4,51970.5,2695.49,259.9,53.1,Moderate (Tier C)
Commercial Office,263475.5,89.5,0.48,15656.1,260,3.97,7081.2,1103.5,31.9,5844.5,659.26,201.9,69.5,Efficient (Tier B)
Manufacturing,1094244.4,45.8,0.89,25148.5,350,3.18,30761.1,3226.7,84.1,26659.1,3292.36,522.1,45.3,Moderate (Tier C)
Healthcare,1288818.2,24.4,0.85,31547.9,365,3.49,5374.9,3038.6,69.2,28833.7,5247.15,490.2,43.9,Moderate (Tier C)
Commercial Office,373021.5,77.0,0.73,17191.3,260,4.34,3927.7,1555.6,52.6,4835.5,892.24,260.4,68.7,Efficient (Tier B)
Data Center,454619.3,65.4,0.83,13263.4,360,3.61,4672.4,1259.5,82.2,5897.5,1071.96,411.3,55.1,Efficient (Tier B)
Manufacturing,2172439.9,66.6,0.63,72447.3,250,3.01,26486.8,4442.4,48.2,31889.6,5992.53,359.8,47.6,Moderate (Tier C)
Logistics Hub,228275.6,66.8,0.57,41786.1,320,3.62,46816.4,6484.7,86.8,4197.2,926.56,65.6,77.4,Leader (Tier A)
Commercial Office,86900.7,44.9,0.52,5806.1,240,2.89,4247.8,1525.5,83.8,839.1,358.68,179.6,48.5,Moderate (Tier C)
Commercial Office,653957.5,31.7,0.76,29969.2,240,3.27,4891.1,857.6,37.2,3778.6,2953.04,261.9,39.1,Moderate (Tier C)
Healthcare,869017.4,45.4,0.72,23836.7,365,2.82,8746.2,3949.9,45.9,34781.5,3280.51,437.5,41.5,Moderate (Tier C)
Logistics Hub,891886.6,45.2,0.69,52271.1,320,2.97,26818.5,11061.9,34.1,10392.0,4173.04,204.8,47.2,Moderate (Tier C)
Manufacturing,2234491.9,7.2,0.69,57032.7,300,4.05,34708.9,12158.7,36.8,20388.1,13226.22,470.1,26.4,High Risk (Tier D)
Data Center,1723574.0,44.3,0.87,32020.0,360,3.44,2248.4,1758.3,51.8,20321.6,5917.37,645.9,42.1,Moderate (Tier C)
Manufacturing,779508.0,32.4,0.65,33137.9,300,2.48,23166.7,6630.3,25.2,39231.0,4498.35,282.3,28.6,High Risk (Tier D)
Logistics Hub,264230.2,53.2,0.61,20838.7,365,3.06,25496.3,14277.0,75.6,1170.2,1330.34,152.2,58.0,Efficient (Tier B)
Manufacturing,1771433.9,19.9,0.81,41247.0,250,2.33,36091.8,11985.1,45.0,25785.2,9311.87,515.4,25.3,High Risk (Tier D)
Commercial Office,314450.6,75.3,0.71,22709.0,260,4.04,4423.7,2256.7,76.5,3390.9,719.05,166.2,73.9,Efficient (Tier B)
Logistics Hub,236885.3,59.3,0.46,23266.8,280,4.19,37070.1,4518.7,50.3,3654.1,1193.68,122.2,66.8,Efficient (Tier B)
Healthcare,326518.7,36.2,0.84,12109.3,365,3.5,12555.8,2461.5,44.9,7022.3,1477.07,323.6,44.8,Moderate (Tier C)
Data Center,159543.7,70.9,0.75,5483.2,365,4.34,4531.2,304.0,64.1,1559.4,367.61,349.2,57.5,Efficient (Tier B)
Logistics Hub,279567.2,20.3,0.58,41230.7,280,2.82,49394.6,10897.4,63.1,4856.9,2194.53,81.4,47.1,Moderate (Tier C)
Manufacturing,1382569.5,64.2,0.67,58933.1,250,1.91,9916.4,4436.8,42.5,38999.4,4161.03,281.5,40.0,Moderate (Tier C)
Logistics Hub,818428.9,18.9,0.61,57550.4,365,3.65,30402.0,5174.2,34.3,14304.8,4617.95,170.7,40.3,Moderate (Tier C)
Manufacturing,1614201.4,50.9,0.8,67104.5,250,3.24,38677.2,9001.1,20.5,23849.0,6553.14,288.7,39.2,Moderate (Tier C)
Data Center,1372578.9,82.6,0.78,28398.8,365,4.17,4640.9,288.5,53.3,15451.8,1842.42,580.0,60.9,Efficient (Tier B)
Logistics Hub,377609.5,46.8,0.66,71959.0,365,3.52,59650.9,13136.6,59.8,4480.2,2635.3,63.0,64.1,Efficient (Tier B)
Manufacturing,825359.0,21.7,0.73,19370.9,350,2.93,29318.3,3257.2,74.3,13730.2,3496.46,511.3,37.8,Moderate (Tier C)
Manufacturing,2421452.7,69.2,0.82,60954.8,250,2.93,27622.3,9789.0,28.7,37500.2,5471.2,476.7,38.7,Moderate (Tier C)
Logistics Hub,296565.2,67.2,0.72,58648.3,365,2.81,50704.6,16809.0,86.0,4921.3,1445.92,60.7,68.6,Efficient (Tier B)
Logistics Hub,1283076.9,22.9,0.59,75993.5,320,2.51,17741.1,10003.7,53.7,9868.9,7277.55,202.6,34.7,High Risk (Tier D)
Commercial Office,136998.4,85.8,0.55,6890.2,260,2.82,2915.6,1488.6,48.7,844.2,275.13,238.6,55.7,Efficient (Tier B)
Commercial Office,521491.9,26.1,0.71,27552.4,240,3.72,7039.0,1749.7,52.8,3677.5,2650.01,227.1,43.4,Moderate (Tier C)
Commercial Office,62754.9,48.3,0.73,7479.8,260,2.69,4121.7,1333.8,62.1,2608.6,354.6,100.7,55.9,Efficient (Tier B)
Data Center,548131.0,82.0,0.85,20812.1,360,4.0,3746.7,210.7,59.6,11560.4,1007.02,316.0,65.1,Efficient (Tier B)
Data Center,327725.9,86.0,0.88,8248.7,360,4.34,3242.5,1358.4,61.4,2085.3,439.76,476.8,65.2,Efficient (Tier B)
Manufacturing,876779.0,62.8,0.72,30369.0,350,2.65,37405.0,5193.9,84.2,14990.4,2249.03,346.5,53.6,Moderate (Tier C)
Healthcare,770928.3,11.6,0.75,28604.6,365,3.14,11904.5,4822.1,50.9,38977.5,4420.87,323.4,28.9,High Risk (Tier D)
Commercial Office,102168.1,64.6,0.72,7999.2,240,3.69,3879.0,127.9,63.5,2136.1,320.55,153.3,68.0,Efficient (Tier B)
Data Center,1218893.4,24.3,0.72,27088.4,365,4.36,3234.7,909.2,78.2,9729.8,5175.23,540.0,47.6,Moderate (Tier C)
Commercial Office,353718.4,15.9,0.58,20071.2,240,4.24,5365.2,1629.9,70.3,5339.5,1938.05,211.5,48.1,Moderate (Tier C)
Healthcare,954669.0,38.6,0.85,21913.5,365,3.98,5278.4,1859.3,36.3,16970.4,3686.27,522.8,38.3,Moderate (Tier C)
Manufacturing,867717.9,53.3,0.89,43470.4,250,3.32,6893.0,2494.7,75.4,22853.2,2833.08,239.5,54.3,Moderate (Tier C)
Commercial Office,272801.3,21.3,0.59,17657.2,240,3.65,4846.5,788.0,28.4,3709.6,1875.46,185.4,36.6,Moderate (Tier C)
Commercial Office,82230.1,23.5,0.49,9096.8,240,3.88,2694.1,1741.3,59.7,3078.7,540.34,108.5,54.7,Moderate (Tier C)
Commercial Office,97753.1,68.3,0.63,4835.4,260,2.76,7977.4,1121.3,48.7,988.7,314.39,242.6,55.0,Efficient (Tier B)
Manufacturing,1836861.3,27.1,0.82,64162.8,300,4.08,34428.7,4540.6,83.4,27638.6,7476.84,343.5,45.5,Moderate (Tier C)
Healthcare,549642.6,59.1,0.66,17502.8,365,3.59,9427.2,5756.2,50.1,16949.8,1770.8,376.8,44.4,Moderate (Tier C)
Healthcare,265066.6,22.1,0.79,9509.0,365,4.7,13168.7,1987.4,70.7,6106.0,1347.82,334.5,45.5,Moderate (Tier C)
Commercial Office,487695.0,42.3,0.59,25874.7,260,2.91,6685.1,762.7,80.7,9809.3,1705.57,226.2,51.9,Moderate (Tier C)
Commercial Office,143740.9,69.2,0.49,9454.5,240,3.35,6055.8,1982.0,38.3,3110.4,551.52,182.4,53.3,Moderate (Tier C)
Healthcare,650951.0,68.8,0.73,20504.9,365,4.31,6281.6,1518.8,32.4,17202.5,1691.34,381.0,55.6,Efficient (Tier B)
Logistics Hub,582347.0,73.8,0.42,54790.3,320,3.7,54322.0,5677.5,78.9,7682.6,1601.83,127.5,75.3,Leader (Tier A)
Manufacturing,1670021.4,15.1,0.76,43778.4,350,2.68,33646.6,3625.0,72.7,24610.7,7717.46,457.8,31.6,High Risk (Tier D)
Commercial Office,148574.6,57.2,0.78,8234.2,240,4.35,2291.8,200.4,51.1,2364.6,472.05,216.5,62.8,Efficient (Tier B)
Commercial Office,314627.7,87.1,0.54,20029.0,240,3.58,5430.8,2248.2,52.0,4364.0,706.95,188.5,67.8,Efficient (Tier B)
Data Center,1148011.7,59.9,0.94,23032.5,365,4.07,3603.2,1422.6,83.8,8092.9,2810.01,598.1,58.3,Efficient (Tier B)
Logistics Hub,702556.8,38.8,0.53,45880.1,320,2.9,58273.8,11160.5,51.3,9028.5,3531.53,183.8,42.6,Moderate (Tier C)
Healthcare,697255.4,20.1,0.79,23065.1,365,3.89,8463.0,1500.9,26.9,21812.3,3450.88,362.8,36.5,Moderate (Tier C)
Healthcare,1493036.6,32.1,0.81,42507.9,365,3.6,13816.8,4117.2,72.8,52968.5,6527.15,421.5,40.6,Moderate (Tier C)
Commercial Office,498341.5,72.8,0.51,24972.9,240,2.8,2494.2,1152.3,65.4,2724.2,1085.14,239.5,57.4,Efficient (Tier B)
Manufacturing,1540466.7,52.3,0.78,49088.4,250,1.82,22172.9,6894.6,65.6,19760.6,4954.94,376.6,45.2,Moderate (Tier C)
Healthcare,1324918.7,66.0,0.65,34673.0,365,4.71,12584.7,5500.7,64.5,14465.9,2917.23,458.5,58.5,Efficient (Tier B)
Logistics Hub,431283.4,71.3,0.66,69419.2,365,3.51,33594.2,16275.8,60.7,5221.1,2334.17,74.6,71.3,Efficient (Tier B)
Manufacturing,720558.3,9.5,0.81,36283.7,300,3.94,28320.7,12907.0,46.2,41646.1,5049.04,238.3,40.6,Moderate (Tier C)
Healthcare,250391.2,45.4,0.78,8868.0,365,4.62,13005.2,1463.0,49.3,4454.7,969.03,338.8,47.4,Moderate (Tier C)
Healthcare,758634.7,38.6,0.88,17856.0,365,3.61,13573.9,2796.5,26.7,21614.6,3103.28,509.8,32.2,High Risk (Tier D)
Commercial Office,401749.7,46.1,0.71,27982.2,240,2.85,5188.6,912.7,26.0,3860.0,1829.32,172.3,50.4,Moderate (Tier C)
Commercial Office,388067.0,38.1,0.5,25549.3,260,4.6,4169.0,1180.6,27.8,4083.1,2091.86,182.3,54.0,Moderate (Tier C)
Data Center,808974.2,32.3,0.78,24006.1,365,4.61,3908.3,842.5,54.0,19053.9,3187.2,404.4,44.6,Moderate (Tier C)
Manufacturing,1687902.7,25.2,0.7,60196.8,250,1.92,16857.6,5361.6,40.1,25969.8,8578.28,336.5,24.2,High Risk (Tier D)
Data Center,996257.5,94.7,0.8,20656.5,365,4.62,4894.3,1360.4,89.1,7575.2,446.8,578.8,74.6,Efficient (Tier B)
Logistics Hub,760816.2,53.9,0.69,48369.7,320,4.18,43965.6,12530.3,77.7,6939.7,2765.95,188.8,66.1,Efficient (Tier B)
Manufacturing,2117995.0,11.2,0.77,72987.4,350,3.6,30196.8,2214.0,21.7,57444.4,12611.83,348.2,27.8,High Risk (Tier D)
Data Center,978536.8,24.0,0.79,28735.9,360,4.5,1125.3,654.3,59.3,18364.1,4397.6,408.6,45.3,Moderate (Tier C)
Data Center,482175.4,90.5,0.88,12946.0,365,4.81,3209.8,1087.4,59.6,8692.6,563.04,446.9,64.8,Efficient (Tier B)
Commercial Office,149585.8,30.6,0.62,8996.5,240,3.49,1867.5,2361.5,47.0,2937.6,869.15,199.5,42.7,Moderate (Tier C)
Healthcare,1419321.4,48.0,0.84,37957.9,365,3.68,11314.2,2809.8,73.7,24004.2,4070.88,448.7,51.4,Moderate (Tier C)
Data Center,588956.9,61.4,0.87,14318.0,365,4.77,2624.5,889.2,88.4,5021.3,1256.75,493.6,69.1,Efficient (Tier B)
Data Center,572911.6,77.0,0.8,14739.8,365,3.7,4443.9,563.0,86.0,3639.9,822.68,466.4,63.6,Efficient (Tier B)
Logistics Hub,411881.7,14.9,0.64,25572.4,365,2.73,39600.6,13930.2,78.2,1534.5,2410.33,193.3,45.9,Moderate (Tier C)
Commercial Office,281888.0,20.7,0.67,24652.9,260,4.3,1938.3,220.2,41.0,8926.6,1619.43,137.2,49.0,Moderate (Tier C)
Manufacturing,1505929.3,42.4,0.86,55195.7,350,1.83,17026.2,8936.9,77.0,35233.9,5148.32,327.4,39.9,Moderate (Tier C)
Commercial Office,322981.3,62.5,0.61,27549.6,240,2.66,4850.3,1827.3,43.6,3533.8,1308.46,140.7,54.7,Moderate (Tier C)
Manufacturing,1861199.5,26.1,0.64,59675.9,350,1.86,32477.1,5528.0,30.9,47973.7,7195.64,374.3,21.8,High Risk (Tier D)
Manufacturing,801098.9,9.2,0.76,36466.3,250,3.41,8474.5,10420.6,39.8,12667.6,4675.09,263.6,37.3,Moderate (Tier C)
Commercial Office,460212.6,58.7,0.72,27104.0,260,3.71,4381.0,2318.5,51.1,7175.1,1459.77,203.8,60.9,Efficient (Tier B)
Data Center,1747309.1,40.1,0.77,33472.4,360,4.12,767.8,692.0,76.4,25264.9,6049.07,626.4,47.6,Moderate (Tier C)
Healthcare,1195458.2,33.1,0.79,44981.4,365,4.19,4140.2,1573.1,59.3,40570.4,5225.57,318.9,42.5,Moderate (Tier C)
Data Center,418213.6,48.1,0.7,7085.3,360,4.94,3722.3,781.7,74.4,2771.9,1228.19,708.3,56.1,Efficient (Tier B)
Commercial Office,64918.1,20.7,0.75,6098.4,260,4.05,6688.9,831.7,68.0,2421.4,390.83,127.7,50.1,Moderate (Tier C)
Commercial Office,207378.3,42.0,0.61,14550.4,240,4.7,7443.4,2282.2,55.2,3690.7,998.4,171.0,60.4,Efficient (Tier B)
Manufacturing,2277087.7,31.2,0.66,54843.2,300,3.4,30820.5,6756.3,64.8,20295.0,8586.03,498.2,35.7,Moderate (Tier C)
Commercial Office,212925.0,22.5,0.45,20787.9,260,4.57,5178.2,113.5,48.6,3240.7,1368.19,122.9,57.5,Efficient (Tier B)
Manufacturing,694262.9,10.2,0.7,42587.8,300,4.05,27873.9,9006.7,50.2,20816.8,4448.42,195.6,44.9,Moderate (Tier C)
Healthcare,688685.5,11.5,0.89,30777.6,365,4.76,9090.9,5740.4,22.2,18386.2,4508.87,268.5,40.5,Moderate (Tier C)
Manufacturing,811937.2,50.0,0.89,48188.3,350,2.62,37900.7,4624.9,37.9,24993.9,3735.48,202.2,48.3,Moderate (Tier C)
Data Center,390600.7,85.7,0.82,11523.4,365,4.88,3522.9,334.5,45.2,5489.9,590.9,406.8,64.5,Efficient (Tier B)
Manufacturing,3228972.4,47.3,0.62,74276.9,300,2.22,14095.2,4708.3,63.6,23682.4,10094.72,521.7,38.5,Moderate (Tier C)
Healthcare,659884.7,12.6,0.67,30293.5,365,3.22,5773.8,4890.0,41.7,17428.7,3902.12,261.4,37.9,Moderate (Tier C)
Commercial Office,195496.9,63.4,0.74,13659.0,240,2.77,7597.0,1860.1,78.7,3978.2,568.14,171.8,60.0,Efficient (Tier B)
Commercial Office,75238.7,64.6,0.69,4993.8,240,4.53,6790.2,1497.2,71.1,872.1,264.69,180.8,71.7,Efficient (Tier B)
Manufacturing,301345.1,8.6,0.85,10695.0,250,4.03,21086.3,3228.7,44.7,3800.5,1808.54,338.1,30.8,High Risk (Tier D)
Logistics Hub,529187.6,11.0,0.66,36920.5,320,2.81,57881.0,9675.7,39.2,4336.1,3635.3,172.0,34.6,High Risk (Tier D)
Manufacturing,637413.8,55.9,0.75,37373.8,300,3.87,31392.1,7351.4,66.0,18768.9,2378.45,204.7,67.2,Efficient (Tier B)
Healthcare,586100.4,57.3,0.67,13672.0,365,2.91,4435.6,5529.2,32.5,13289.1,1899.97,514.4,40.9,Moderate (Tier C)
Manufacturing,1077953.9,33.3,0.85,41864.4,350,2.46,11103.0,12310.3,49.2,30175.4,5324.76,309.0,34.9,High Risk (Tier D)
Manufacturing,2964178.4,10.0,0.81,73175.1,300,4.33,33892.4,4285.5,45.3,51071.9,14071.57,486.1,34.2,High Risk (Tier D)
Manufacturing,1547841.7,64.0,0.7,58204.2,300,2.95,14341.7,13934.3,64.7,67570.1,4401.1,319.1,51.5,Moderate (Tier C)
Commercial Office,213204.4,51.3,0.55,10256.2,240,4.65,638.9,1150.7,57.6,1092.2,713.4,249.5,60.5,Efficient (Tier B)
Commercial Office,108417.4,54.9,0.58,11006.5,240,3.46,6747.4,2469.2,58.2,2150.5,519.67,118.2,59.1,Efficient (Tier B)
Manufacturing,2114800.6,23.9,0.81,72036.1,300,2.81,41084.9,13009.5,46.0,81948.0,10812.87,352.3,32.7,High Risk (Tier D)
Logistics Hub,692073.2,64.8,0.61,71575.7,280,3.99,17138.3,7070.1,57.3,13688.6,2573.14,116.0,68.6,Efficient (Tier B)
Commercial Office,289392.5,50.7,0.51,21546.1,240,3.48,1555.8,1331.8,46.2,5950.0,1262.26,161.2,54.4,Moderate (Tier C)
Commercial Office,200860.6,43.7,0.77,22206.2,260,3.77,3879.4,785.3,79.3,4206.1,806.34,108.5,63.5,Efficient (Tier B)
Data Center,1372661.5,19.7,0.8,34016.4,360,4.53,1431.1,1820.4,62.0,17477.2,5881.54,484.2,42.4,Moderate (Tier C)
Data Center,358366.8,48.3,0.83,11202.8,360,4.6,2057.5,510.7,59.4,2258.3,1155.13,383.9,50.5,Moderate (Tier C)
Commercial Office,186468.5,70.0,0.75,17537.5,260,3.47,1601.0,1249.6,29.8,1845.5,794.35,127.6,61.0,Efficient (Tier B)
Manufacturing,1974131.4,62.5,0.64,50892.4,300,3.73,34437.4,3659.3,33.3,59521.7,6138.69,465.5,47.9,Moderate (Tier C)
Manufacturing,414827.0,55.9,0.64,22100.7,350,4.07,17543.0,12064.5,53.2,15154.6,1934.97,225.2,62.5,Efficient (Tier B)
Healthcare,926778.3,49.6,0.84,31012.6,365,3.65,7947.0,3491.9,39.2,40781.8,3420.61,358.6,44.8,Moderate (Tier C)
Healthcare,1182855.7,44.5,0.88,32801.8,365,4.48,10416.8,2575.8,74.2,41249.4,3841.04,432.7,50.5,Moderate (Tier C)
Data Center,345270.4,90.5,0.72,12425.2,365,4.15,4663.7,464.4,88.7,9722.9,294.56,333.5,72.1,Efficient (Tier B)
Data Center,539719.7,25.7,0.89,11436.7,360,3.53,2645.8,1680.7,77.5,4149.4,2285.69,566.3,36.9,Moderate (Tier C)
Commercial Office,257440.9,67.2,0.54,16935.1,260,3.42,5115.5,976.6,86.0,3689.1,585.73,182.4,68.9,Efficient (Tier B)
Data Center,1103825.2,59.7,0.72,21270.8,365,3.07,505.1,341.9,42.1,13991.9,2663.09,622.7,36.1,Moderate (Tier C)
Manufacturing,1517205.2,73.0,0.86,41726.3,250,2.68,10433.3,4843.1,50.3,41666.0,3213.39,436.3,49.2,Moderate (Tier C)
Manufacturing,832033.3,63.0,0.69,29848.0,350,3.49,44455.3,8403.1,36.4,11992.8,2738.18,334.5,51.6,Moderate (Tier C)
Logistics Hub,1142906.5,62.6,0.64,65524.6,280,3.42,31398.4,8942.1,70.7,11615.9,3374.75,209.3,51.9,Moderate (Tier C)
Commercial Office,112696.2,33.7,0.73,7555.5,260,3.82,3485.0,974.5,71.7,783.0,512.16,179.0,58.6,Efficient (Tier B)
Manufacturing,2092172.6,65.1,0.62,49236.1,250,4.2,14798.1,10756.4,84.5,50708.9,4743.4,509.9,62.8,Efficient (Tier B)
Manufacturing,1056999.2,8.0,0.63,29112.6,250,4.0,8389.1,9475.7,78.8,8911.6,5877.78,435.7,36.4,Moderate (Tier C)
Manufacturing,1642203.8,15.8,0.85,44291.6,350,3.1,8141.1,8726.5,75.2,26524.8,8213.8,444.9,30.1,High Risk (Tier D)
Commercial Office,349794.3,36.6,0.73,16604.8,260,4.18,5328.1,904.2,74.9,1832.4,1372.05,252.8,52.5,Moderate (Tier C)
Manufacturing,848871.5,55.4,0.77,23342.7,300,3.42,8557.2,2698.0,56.1,14823.1,2329.23,436.4,43.5,Moderate (Tier C)
Manufacturing,1198553.9,17.6,0.71,37487.0,250,2.39,33565.3,6439.3,55.9,20657.9,6361.38,383.7,30.8,High Risk (Tier D)
Logistics Hub,220574.2,57.6,0.75,29005.5,365,3.94,47832.3,5403.4,79.9,5614.1,1046.39,91.3,68.6,Efficient (Tier B)
Manufacturing,199363.8,68.7,0.71,12703.7,350,2.91,42197.7,6122.4,61.0,14827.0,851.96,188.3,61.5,Efficient (Tier B)
Commercial Office,240360.2,24.2,0.46,18235.0,260,2.72,5048.1,1183.6,38.8,6957.4,1444.98,158.2,38.7,Moderate (Tier C)
Manufacturing,333981.6,45.5,0.68,11920.2,250,1.86,25875.0,9643.3,62.1,6089.7,1494.57,336.2,37.1,Moderate (Tier C)
Manufacturing,2092571.2,12.6,0.69,54647.6,250,2.08,14097.9,2037.5,50.7,31321.8,10292.51,459.5,16.6,High Risk (Tier D)
Manufacturing,2227246.5,11.4,0.82,54013.3,250,2.34,8189.5,12044.3,47.8,20039.6,10552.04,494.8,18.5,High Risk (Tier D)
Logistics Hub,401045.6,21.6,0.56,23761.9,280,3.52,45272.1,9419.8,51.0,2382.4,2323.74,202.5,47.3,Moderate (Tier C)
Healthcare,1379506.7,43.0,0.82,35446.8,365,3.27,9645.1,3767.6,47.0,33061.0,4768.96,467.0,38.2,Moderate (Tier C)
Logistics Hub,740173.3,75.3,0.44,51754.7,280,3.11,30155.7,11949.6,75.0,11195.6,1745.0,171.6,66.9,Efficient (Tier B)
Data Center,1255560.5,36.5,0.8,30288.5,360,4.9,3354.1,837.0,90.0,17022.0,4008.81,497.4,60.6,Efficient (Tier B)
Commercial Office,417067.2,86.1,0.56,26371.2,260,4.05,2927.2,291.1,56.5,7252.9,842.67,189.8,70.6,Efficient (Tier B)
Manufacturing,2759377.2,28.3,0.64,68897.1,250,4.36,20899.5,4605.7,31.5,43837.6,12533.97,480.6,36.7,Moderate (Tier C)
Data Center,967769.1,69.8,0.92,23218.0,365,4.88,2158.3,297.1,72.9,15272.4,1715.53,500.2,66.9,Efficient (Tier B)
Healthcare,543530.2,46.2,0.81,26126.1,365,3.63,9282.7,3032.5,61.2,38213.6,2083.11,249.6,52.4,Moderate (Tier C)
Manufacturing,2320605.4,52.1,0.6,70862.6,350,2.21,41489.2,12713.6,20.3,62962.2,9154.38,393.0,31.2,High Risk (Tier D)
Manufacturing,3059476.7,65.7,0.87,74016.7,250,4.39,13324.4,5734.3,53.7,73498.0,7614.16,496.0,57.9,Efficient (Tier B)
Manufacturing,1144280.0,58.0,0.69,74559.7,350,3.86,29774.1,4785.6,84.0,22431.2,3223.05,184.2,65.8,Efficient (Tier B)
Manufacturing,1804545.7,62.5,0.87,62644.4,250,3.18,10476.8,6092.2,79.5,29377.4,4516.81,345.7,56.5,Efficient (Tier B)
Manufacturing,1653798.6,57.7,0.64,44900.0,300,2.42,10925.4,9846.0,52.7,40997.7,4700.54,442.0,39.3,Moderate (Tier C)
Commercial Office,570645.3,62.5,0.73,27033.5,260,2.7,3027.5,409.6,62.6,6946.0,1549.24,253.3,55.3,Efficient (Tier B)
Data Center,725858.2,70.9,0.71,12777.2,360,4.31,2736.6,257.7,62.9,7249.6,1203.09,681.7,59.3,Efficient (Tier B)
Healthcare,924813.0,33.0,0.71,36019.9,365,3.12,6835.9,5204.5,52.4,47211.4,4112.85,308.1,39.2,Moderate (Tier C)
Logistics Hub,503217.2,25.6,0.46,61853.1,365,3.74,59163.7,8728.6,45.7,11789.6,3693.59,97.6,50.6,Moderate (Tier C)
Data Center,736653.6,31.5,0.74,20357.1,365,4.11,1781.9,243.6,76.8,11705.5,2557.67,434.2,38.5,Moderate (Tier C)
Data Center,1563959.8,16.2,0.94,27410.3,360,3.04,1622.2,1803.2,85.2,17299.1,7106.52,684.7,39.0,Moderate (Tier C)
Data Center,1081331.8,20.5,0.85,19791.1,360,3.87,1403.5,393.6,66.8,9184.6,4826.51,655.6,34.7,High Risk (Tier D)
Commercial Office,381994.9,44.8,0.69,19506.1,240,3.77,738.9,1226.3,65.6,7361.3,1474.03,235.0,51.2,Moderate (Tier C)
Data Center,1488936.5,52.0,0.83,28394.6,365,4.69,2661.1,519.4,66.9,13813.7,4532.12,629.2,53.3,Moderate (Tier C)
Commercial Office,198316.3,50.6,0.58,17085.6,240,4.57,6754.4,1428.5,50.5,4866.6,932.05,139.3,57.8,Efficient (Tier B)
Data Center,954335.2,29.3,0.8,32464.3,365,3.89,4431.5,1031.3,66.2,6905.7,3898.69,352.8,45.3,Moderate (Tier C)
Commercial Office,278289.2,50.3,0.64,13883.1,240,3.48,5199.8,1846.2,50.2,4217.6,976.88,240.5,52.2,Moderate (Tier C)
Data Center,771642.8,11.8,0.82,16278.8,365,3.19,560.4,961.1,68.6,5088.2,3760.4,568.8,30.1,High Risk (Tier D)
Data Center,711214.7,54.3,0.82,25399.4,360,4.43,3931.9,562.6,49.5,8648.9,2276.04,336.0,51.5,Moderate (Tier C)
Healthcare,541132.9,47.8,0.69,19301.0,365,3.21,12251.2,1669.4,73.7,8324.6,1623.72,336.4,46.4,Moderate (Tier C)
Logistics Hub,238991.2,59.4,0.6,36528.9,280,4.45,46509.7,11032.2,47.5,3041.5,1703.47,78.5,69.8,Efficient (Tier B)
Manufacturing,628835.0,34.1,0.86,28391.6,300,3.5,23919.2,10065.4,44.7,24033.7,3194.7,265.8,38.4,Moderate (Tier C)
Healthcare,769697.6,35.1,0.81,22163.4,365,3.7,14593.0,1236.0,20.9,17326.3,3451.98,416.7,32.1,High Risk (Tier D)
Commercial Office,144572.1,74.0,0.63,12218.8,240,3.23,2500.3,2420.8,89.0,1808.7,348.36,142.0,65.9,Efficient (Tier B)
Healthcare,327400.9,45.3,0.71,8736.4,365,2.88,7237.6,5663.1,47.6,3607.6,1263.79,449.7,39.4,Moderate (Tier C)
Logistics Hub,437224.3,76.8,0.64,71770.0,365,3.53,47105.6,16966.9,85.3,4857.9,1617.17,73.1,75.1,Leader (Tier A)
Data Center,248985.6,50.8,0.9,6620.0,365,3.86,4906.7,359.5,74.3,4987.1,749.46,451.3,52.2,Moderate (Tier C)
Manufacturing,1651105.3,74.4,0.73,63961.9,300,4.49,23234.7,10985.9,66.4,57597.2,3602.33,309.8,69.4,Efficient (Tier B)
Data Center,579809.6,51.1,0.87,9920.9,365,4.04,532.5,769.9,93.8,6015.2,1473.04,701.3,59.4,Efficient (Tier B)
Commercial Office,344888.4,20.8,0.47,26474.9,240,4.2,6545.6,770.2,71.4,5570.2,1803.92,156.3,50.7,Moderate (Tier C)
Commercial Office,18169.8,19.0,0.45,2100.2,240,3.21,7823.1,775.0,71.1,810.7,142.4,103.8,50.4,Moderate (Tier C)
Data Center,874709.7,45.9,0.76,20963.3,365,4.58,2402.4,1640.9,83.3,7384.9,2457.57,500.7,58.5,Efficient (Tier B)
Manufacturing,1230651.0,11.2,0.84,73302.1,250,3.13,39898.6,10544.8,65.1,60251.8,7704.4,201.5,42.3,Moderate (Tier C)
Logistics Hub,393005.3,77.8,0.49,25816.9,320,4.06,27906.6,9634.2,57.3,5109.2,1203.15,182.7,71.1,Efficient (Tier B)
Healthcare,1717038.8,22.1,0.87,38692.3,365,3.25,2104.4,3358.8,35.7,38092.5,7971.24,532.5,23.6,High Risk (Tier D)
Commercial Office,341640.0,81.0,0.56,23424.3,240,4.31,3327.1,340.9,82.7,6796.2,544.57,175.0,78.9,Leader (Tier A)
Manufacturing,2964424.7,13.7,0.6,72248.1,300,3.01,18847.0,6059.4,83.1,74218.3,14246.56,492.4,31.6,High Risk (Tier D)
Data Center,679796.3,76.0,0.73,21647.9,365,3.99,1302.8,1123.5,83.4,14902.7,1076.61,376.8,65.1,Efficient (Tier B)
Manufacturing,1267573.5,44.8,0.86,56021.5,250,1.85,38008.6,3712.7,36.0,32413.4,4518.87,271.5,36.5,Moderate (Tier C)
Healthcare,1061932.8,35.4,0.77,26394.2,365,4.7,13017.5,2531.8,54.4,22170.0,3996.09,482.8,48.2,Moderate (Tier C)
Manufacturing,1262454.8,46.3,0.78,28641.7,350,2.33,43919.1,3837.4,59.7,15533.6,4223.69,528.9,36.1,Moderate (Tier C)
Commercial Office,120621.4,43.7,0.72,6311.3,240,2.67,2714.5,564.5,35.2,1679.8,534.0,229.3,45.3,Moderate (Tier C)
Data Center,1062858.3,37.5,0.77,24282.6,365,4.2,1973.2,1605.7,86.1,17101.5,3703.12,525.2,51.9,Moderate (Tier C)
Commercial Office,96671.1,70.0,0.5,4900.1,240,4.8,5527.7,2476.0,50.3,1460.2,358.71,236.7,67.4,Efficient (Tier B)
Commercial Office,141483.7,68.7,0.74,14123.1,260,4.25,6897.4,2434.9,50.6,2542.1,621.5,120.2,65.7,Efficient (Tier B)
Logistics Hub,660193.5,30.3,0.75,59010.3,320,3.7,27782.7,16327.7,46.2,6812.7,4049.61,134.3,51.2,Moderate (Tier C)
Manufacturing,629951.5,16.3,0.65,19415.4,350,3.16,26010.0,13688.4,44.0,21751.3,3581.01,389.4,34.5,High Risk (Tier D)
Manufacturing,969575.0,19.6,0.84,37557.2,300,2.98,29925.9,12086.6,50.0,34341.5,5708.1,309.8,29.6,High Risk (Tier D)
Manufacturing,1715632.7,8.5,0.75,69172.5,250,2.48,32786.9,11233.8,75.2,35991.2,9099.04,297.6,34.6,High Risk (Tier D)
Healthcare,363426.1,18.3,0.81,8368.5,365,3.44,5204.2,846.8,53.7,5515.0,1704.92,521.1,35.0,Moderate (Tier C)
Healthcare,470407.6,54.3,0.8,14162.2,365,3.4,2455.8,993.7,37.5,6075.3,1538.56,398.6,46.8,Moderate (Tier C)
Commercial Office,341225.0,27.5,0.61,24296.4,240,3.97,1004.0,707.6,70.4,8318.6,1693.0,168.5,56.0,Efficient (Tier B)
Commercial Office,300989.8,65.9,0.56,23847.3,240,3.75,6048.5,1794.2,81.8,6206.4,752.24,151.5,69.1,Efficient (Tier B)
Commercial Office,194329.0,58.0,0.72,14103.6,240,3.52,5855.5,2182.1,80.5,1592.8,595.72,165.3,65.2,Efficient (Tier B)
Manufacturing,863687.4,12.3,0.84,35880.1,250,2.69,8612.7,8751.8,59.8,26233.2,4419.43,288.9,31.6,High Risk (Tier D)
Healthcare,1383290.2,19.6,0.88,35304.3,365,3.62,14389.9,5300.2,43.9,25636.3,6607.37,470.2,35.7,Moderate (Tier C)
Data Center,770124.8,58.4,0.85,17057.0,365,3.15,2201.9,1478.1,58.4,3616.3,2021.78,541.8,40.9,Moderate (Tier C)
Data Center,166706.5,88.9,0.94,5265.0,360,3.09,3673.0,1730.5,72.5,2424.2,220.85,380.0,58.2,Efficient (Tier B)
Commercial Office,389580.4,79.2,0.55,19640.2,260,3.02,2536.6,1178.2,43.7,5810.4,999.29,238.0,58.5,Efficient (Tier B)
Manufacturing,578519.2,67.7,0.87,21942.3,300,3.3,26191.0,5860.8,72.2,8064.2,1473.22,316.4,60.2,Efficient (Tier B)
Manufacturing,730410.0,17.9,0.79,19069.2,350,3.53,24822.2,2214.5,64.2,11465.4,3450.64,459.6,34.9,High Risk (Tier D)
Logistics Hub,230385.6,55.4,0.47,18685.8,280,3.82,56006.5,9652.6,82.3,1710.7,1069.58,148.0,63.7,Efficient (Tier B)
Manufacturing,2407947.4,32.8,0.76,58640.7,350,2.49,42219.1,9129.5,33.8,59866.7,9641.12,492.8,26.9,High Risk (Tier D)
Commercial Office,579564.7,64.0,0.62,27514.6,260,3.17,5110.8,2266.7,79.5,10694.6,1399.69,252.8,58.1,Efficient (Tier B)
Manufacturing,937927.1,64.3,0.76,44138.1,300,3.47,21206.3,5652.4,65.1,40353.0,2749.23,255.0,57.2,Efficient (Tier B)
Data Center,1651589.1,28.2,0.89,32963.1,365,4.14,4524.4,1055.4,44.1,25285.0,6823.09,601.3,37.0,Moderate (Tier C)
Data Center,1735386.7,52.2,0.95,31743.6,365,3.78,2130.3,773.5,73.0,23390.3,4705.05,656.0,48.9,Moderate (Tier C)
Data Center,457981.8,47.8,0.77,10424.6,365,4.13,2617.3,286.3,72.4,7601.9,1320.94,527.2,45.6,Moderate (Tier C)
Logistics Hub,121295.1,15.1,0.49,24047.2,280,3.33,35780.0,7589.7,43.4,4702.2,1317.15,60.5,46.4,Moderate (Tier C)
Data Center,1106496.9,31.0,0.88,27456.9,360,3.38,1783.8,1056.7,80.2,21213.4,4170.08,483.6,43.8,Moderate (Tier C)
Commercial Office,174084.4,24.6,0.61,14304.6,240,4.45,2814.2,2480.5,39.6,1596.2,1111.83,146.0,55.3,Efficient (Tier B)
Commercial Office,501613.9,48.2,0.48,24711.0,260,3.6,5955.5,989.7,35.8,3837.9,1988.05,243.6,50.7,Moderate (Tier C)
Commercial Office,275724.1,38.8,0.66,29497.2,240,3.25,5958.8,325.4,73.7,8784.7,1233.43,112.2,59.2,Efficient (Tier B)
Healthcare,553566.2,67.0,0.71,13041.3,365,3.51,14352.3,3808.1,38.1,10463.7,1496.97,509.4,47.6,Moderate (Tier C)
Logistics Hub,380131.7,48.7,0.49,21166.6,320,2.83,47910.9,11342.3,31.5,5210.8,2132.27,215.5,38.7,Moderate (Tier C)
Manufacturing,953495.1,18.7,0.84,49252.1,250,2.37,36046.1,7836.9,30.8,24738.1,5948.58,232.3,30.5,High Risk (Tier D)
Manufacturing,1323450.2,41.1,0.76,60515.5,250,3.57,5738.3,11982.7,37.0,27669.5,6267.68,262.4,45.1,Moderate (Tier C)
Data Center,967056.5,38.8,0.88,26679.4,360,3.31,3409.4,528.8,79.0,17350.0,3386.34,435.0,46.9,Moderate (Tier C)
Commercial Office,45794.8,86.1,0.7,3340.2,240,3.08,2453.9,1649.9,39.6,451.9,176.12,164.5,64.5,Efficient (Tier B)
Manufacturing,2239693.5,57.4,0.83,74976.3,350,2.35,13557.4,2069.6,71.6,42801.1,6512.72,358.5,44.5,Moderate (Tier C)
Commercial Office,164322.7,32.4,0.63,7669.1,240,3.23,3205.6,1706.4,83.3,2222.3,708.95,257.1,55.0,Efficient (Tier B)
Commercial Office,395697.6,45.6,0.6,26158.1,260,4.38,1480.2,516.1,47.7,5290.8,1603.4,181.5,60.1,Efficient (Tier B)
Data Center,792440.2,15.4,0.79,27909.4,360,4.05,4762.3,1271.4,49.1,16598.6,3689.02,340.7,38.3,Moderate (Tier C)
Logistics Hub,415155.1,50.4,0.67,34561.9,365,4.02,20309.1,15664.9,83.4,6605.6,1820.49,144.1,67.4,Efficient (Tier B)
Manufacturing,1168749.6,50.9,0.73,55519.9,300,2.16,21319.7,3281.1,53.0,57460.8,4464.14,252.6,43.2,Moderate (Tier C)
Manufacturing,662955.8,40.5,0.63,32296.0,350,2.42,9864.9,6360.7,82.8,17113.2,2628.26,246.3,47.3,Moderate (Tier C)
Logistics Hub,867756.7,16.8,0.63,52372.0,320,3.3,50958.3,11317.8,37.9,8379.9,5108.23,198.8,31.4,High Risk (Tier D)
Commercial Office,365695.7,36.0,0.79,20956.0,240,3.65,3312.2,1602.1,61.2,7084.7,1651.37,209.4,48.2,Moderate (Tier C)
Commercial Office,215867.1,47.4,0.73,21844.4,260,3.45,3952.5,378.4,78.1,6594.3,858.1,118.6,60.0,Efficient (Tier B)
Data Center,350362.2,33.9,0.86,10888.6,360,3.74,796.3,1319.9,90.1,6001.1,1318.65,386.1,49.1,Moderate (Tier C)
Manufacturing,848118.6,33.4,0.76,29767.2,300,4.4,8257.1,7230.1,33.7,23821.4,4069.53,341.9,37.6,Moderate (Tier C)
Logistics Hub,793897.0,68.4,0.63,53544.3,280,4.14,18595.2,15976.8,51.6,3661.3,2851.31,177.9,63.4,Efficient (Tier B)
Logistics Hub,382872.0,65.3,0.42,54793.6,320,2.76,29058.3,11201.4,69.4,9191.7,1760.44,83.9,61.6,Efficient (Tier B)
Commercial Office,262156.7,75.5,0.62,19045.2,260,4.64,1652.1,532.0,44.1,4382.0,819.62,165.2,70.1,Efficient (Tier B)
Data Center,589217.1,60.6,0.83,12617.4,360,3.99,3241.5,694.8,57.9,7949.9,1487.41,560.4,52.8,Moderate (Tier C)
Commercial Office,50148.1,17.4,0.53,2710.4,240,4.62,6537.6,652.2,44.3,479.2,301.26,222.0,44.5,Moderate (Tier C)
Data Center,895450.1,62.9,0.94,22538.7,360,4.81,1391.5,246.5,76.4,4782.0,2161.94,476.8,59.4,Efficient (Tier B)
Manufacturing,743365.6,29.5,0.7,30217.7,350,4.03,19065.9,12870.5,36.9,35763.1,3706.66,295.2,39.8,Moderate (Tier C)
Healthcare,696828.3,59.9,0.66,28235.9,365,4.69,14034.6,1645.8,56.4,23958.6,2060.43,296.1,59.3,Efficient (Tier B)
Manufacturing,1331058.5,51.0,0.87,35661.2,350,4.21,11635.1,3794.1,32.7,29214.3,4342.81,447.9,44.3,Moderate (Tier C)
Healthcare,980544.8,54.2,0.71,22456.5,365,4.14,11621.9,3130.3,45.2,32141.6,3074.37,524.0,51.6,Moderate (Tier C)
Data Center,1087254.4,21.1,0.85,22080.1,360,3.6,2301.1,1441.8,71.4,16420.0,4238.77,590.9,34.9,High Risk (Tier D)
Manufacturing,1034294.1,57.7,0.62,26492.4,250,2.27,28855.4,12028.3,53.7,25951.2,3460.32,468.5,44.1,Moderate (Tier C)
Commercial Office,437344.0,63.1,0.77,26940.9,240,3.86,2860.9,225.6,82.0,10361.4,1117.79,194.8,62.9,Efficient (Tier B)
Healthcare,954918.6,65.4,0.78,33014.1,365,4.15,14483.3,2119.1,56.9,44980.8,2556.47,347.1,59.5,Efficient (Tier B)
Logistics Hub,768346.7,12.4,0.73,75532.3,320,2.6,44963.2,5003.5,80.5,14445.0,4233.41,122.1,42.9,Moderate (Tier C)
Logistics Hub,281450.2,16.6,0.65,45286.4,365,2.88,15705.3,9852.0,46.0,3039.9,2615.18,74.6,40.3,Moderate (Tier C)
Commercial Office,303022.1,42.6,0.47,19652.8,260,3.82,5717.3,2318.4,71.3,6165.5,1235.02,185.0,61.5,Efficient (Tier B)
Commercial Office,41943.1,24.9,0.59,3127.8,260,4.27,6120.9,1394.4,63.7,1125.2,279.67,160.9,54.1,Moderate (Tier C)
Logistics Hub,463725.6,66.9,0.49,44207.3,320,3.94,48974.0,5245.7,32.0,9825.1,2277.76,125.9,62.0,Efficient (Tier B)
Manufacturing,262271.0,72.4,0.7,15920.5,300,2.41,27081.3,6288.5,48.8,18617.3,1020.46,197.7,53.2,Moderate (Tier C)
Commercial Office,198606.6,43.6,0.64,24262.4,240,2.8,6643.7,2490.7,65.2,4824.9,1071.8,98.2,52.9,Moderate (Tier C)
Manufacturing,1517307.3,56.4,0.87,56698.7,300,2.08,35758.0,10263.5,50.6,54855.7,5253.6,321.1,40.0,Moderate (Tier C)
Healthcare,528697.1,14.3,0.89,15821.8,365,3.98,2143.6,1110.5,22.5,23608.5,2888.22,401.0,18.4,High Risk (Tier D)
Healthcare,931629.5,41.2,0.73,21061.9,365,3.62,10243.0,925.4,45.7,29224.2,3455.4,530.8,34.4,High Risk (Tier D)
Manufacturing,2874791.4,13.0,0.73,65947.2,250,4.0,21130.4,13226.5,82.2,76163.1,13993.95,523.1,40.9,Moderate (Tier C)
Logistics Hub,521813.4,69.6,0.41,38937.6,365,3.94,52599.1,9588.0,76.5,5435.2,1647.92,160.8,73.5,Efficient (Tier B)
Healthcare,524377.9,51.3,0.82,18661.5,365,3.93,4109.0,2411.6,74.2,25939.2,1781.36,337.2,58.3,Efficient (Tier B)
Manufacturing,2589316.6,65.4,0.66,59855.8,300,1.85,31830.4,7631.4,75.5,36636.8,5472.56,519.1,40.4,Moderate (Tier C)
Commercial Office,43390.2,18.6,0.58,2624.4,260,3.05,5160.4,528.4,87.3,858.4,215.9,198.4,47.4,Moderate (Tier C)
Healthcare,367601.8,23.5,0.88,10659.4,365,2.82,8480.7,2620.0,23.6,11068.3,1918.04,413.8,17.7,High Risk (Tier D)
Manufacturing,1394132.9,47.0,0.79,50685.6,350,4.35,32738.7,13284.8,83.5,40500.9,4599.79,330.1,56.5,Efficient (Tier B)
Commercial Office,168448.4,32.8,0.7,19979.6,240,3.96,4768.0,1018.2,59.8,3950.9,908.09,101.2,59.4,Efficient (Tier B)
Data Center,1595774.3,32.5,0.89,32567.1,360,3.31,1430.4,1318.9,85.9,9019.1,5978.85,588.0,42.9,Moderate (Tier C)
Healthcare,647327.1,64.1,0.89,20102.4,365,3.25,7065.1,3953.6,70.4,24743.5,1631.82,386.4,50.3,Moderate (Tier C)
Healthcare,944410.9,12.6,0.66,36735.7,365,3.57,3840.1,4494.0,66.0,41410.1,4520.69,308.5,38.2,Moderate (Tier C)
Healthcare,529965.5,55.9,0.82,17203.5,365,3.66,7736.7,1141.3,70.3,14478.3,1559.93,369.7,55.6,Efficient (Tier B)
Commercial Office,189143.2,64.3,0.7,13577.9,240,2.52,5273.5,1045.3,79.3,2573.2,497.42,167.2,58.8,Efficient (Tier B)
Healthcare,595489.9,40.1,0.77,28660.5,365,3.73,9069.4,4289.0,52.4,12073.2,2625.41,249.3,49.3,Moderate (Tier C)
Logistics Hub,510836.3,48.8,0.48,37318.0,320,3.45,30801.5,9055.4,73.1,8226.5,2226.46,164.3,63.4,Efficient (Tier B)
Data Center,1804925.5,12.9,0.78,31911.2,360,4.14,2147.0,1692.6,85.2,14037.7,8308.32,678.7,40.5,Moderate (Tier C)
Logistics Hub,474311.4,47.3,0.49,50480.9,365,2.92,29573.3,12911.4,75.5,11424.3,2049.4,112.8,53.1,Moderate (Tier C)
Manufacturing,2081827.8,58.3,0.67,59598.9,350,2.61,16266.1,9250.9,37.1,61689.1,5831.67,419.2,42.0,Moderate (Tier C)
Commercial Office,190863.9,61.0,0.45,8868.7,260,3.01,900.6,1576.3,39.7,1013.0,624.25,258.3,52.0,Moderate (Tier C)
Manufacturing,2012668.6,51.5,0.67,68802.6,300,1.91,5448.0,7496.8,33.9,28804.4,7092.53,351.0,26.3,High Risk (Tier D)
Manufacturing,798177.2,74.1,0.76,38135.3,300,3.54,16294.6,5547.2,50.8,43874.9,2321.71,251.2,59.0,Efficient (Tier B)
Manufacturing,2306148.2,14.1,0.69,62159.4,300,2.18,38531.8,10774.6,61.6,55813.0,11772.09,445.2,24.6,High Risk (Tier D)
Commercial Office,473549.1,23.6,0.45,23620.3,260,2.61,7588.9,853.0,79.4,5498.2,2357.83,240.6,46.3,Moderate (Tier C)
Data Center,315869.2,23.4,0.74,5829.0,365,4.85,2029.2,1105.2,72.5,2785.5,1235.63,650.3,46.7,Moderate (Tier C)
Logistics Hub,1070913.8,40.7,0.7,63295.1,320,3.94,51035.3,10908.8,80.5,4626.0,4200.17,203.0,59.1,Efficient (Tier B)
Manufacturing,1791934.5,69.5,0.66,48781.7,350,3.41,36970.6,3600.7,68.8,19487.7,3559.77,440.8,53.7,Moderate (Tier C)
Data Center,1178275.6,57.4,0.81,22693.4,365,3.38,3886.1,1886.8,54.0,5729.4,3076.17,623.1,44.4,Moderate (Tier C)
Commercial Office,65217.6,70.8,0.65,5893.7,260,4.34,3748.1,2302.1,55.4,1385.2,314.39,132.8,74.0,Efficient (Tier B)
Logistics Hub,226281.8,31.9,0.55,29807.0,280,3.26,15834.7,14145.9,65.9,3575.5,1840.49,91.1,51.5,Moderate (Tier C)
Data Center,1073122.5,31.6,0.79,18087.5,365,3.34,3436.4,1301.7,82.0,12167.8,3940.76,712.0,40.6,Moderate (Tier C)
Commercial Office,266207.0,78.6,0.64,21263.6,240,4.73,3684.3,2103.5,65.9,2466.7,691.69,150.2,76.5,Leader (Tier A)
Healthcare,1101946.3,50.5,0.86,26082.1,365,3.39,12289.3,1317.4,24.8,34038.2,3785.93,507.0,33.6,High Risk (Tier D)
Commercial Office,340708.7,54.8,0.66,21126.2,260,3.72,5780.6,724.3,79.0,8082.3,968.33,193.5,67.6,Efficient (Tier B)
Manufacturing,607317.3,37.5,0.8,33728.0,250,3.08,12712.1,9528.5,73.1,39848.9,2779.21,216.1,49.9,Moderate (Tier C)
Manufacturing,1284812.1,36.1,0.88,43006.0,300,3.92,16850.2,8540.1,51.5,21567.8,5238.04,358.5,45.7,Moderate (Tier C)
Healthcare,1643904.4,11.5,0.75,38770.7,365,2.84,13203.1,1706.2,42.0,42030.1,8465.22,508.8,21.1,High Risk (Tier D)
Manufacturing,1335115.2,27.3,0.73,74087.4,300,3.07,27438.3,3711.2,45.5,59347.5,6639.49,216.2,42.9,Moderate (Tier C)
Healthcare,793625.3,59.8,0.82,18334.8,365,3.32,10385.4,5212.6,28.5,15434.1,2405.74,519.4,43.5,Moderate (Tier C)
Commercial Office,389692.5,60.3,0.53,25037.9,260,3.9,5945.8,854.7,50.3,8729.9,1375.18,186.8,62.8,Efficient (Tier B)
Healthcare,985511.9,39.0,0.69,28632.8,365,3.61,6464.6,2884.7,71.7,35425.1,3736.6,413.0,50.0,Moderate (Tier C)
Logistics Hub,354666.6,42.1,0.68,34089.0,320,3.2,58431.3,10855.9,71.8,2465.6,1934.71,124.8,54.9,Moderate (Tier C)
Healthcare,1261844.6,39.3,0.78,44909.3,365,4.56,6618.5,1368.2,47.7,64841.3,5549.78,337.2,48.1,Moderate (Tier C)
Data Center,593825.8,22.0,0.93,23636.0,365,3.76,3830.2,1329.9,79.0,10054.5,2914.13,301.5,43.1,Moderate (Tier C)
Logistics Hub,981736.0,68.7,0.41,70546.7,365,2.64,40667.4,14590.7,63.3,5087.5,3098.81,167.0,58.3,Efficient (Tier B)
Data Center,1516221.1,64.9,0.72,25699.1,360,4.57,2075.5,603.9,70.1,10580.5,3206.28,708.0,61.0,Efficient (Tier B)
Commercial Office,290893.8,53.2,0.61,22820.5,240,4.36,4109.6,1181.5,86.4,5184.1,971.86,153.0,71.1,Efficient (Tier B)
Commercial Office,370320.5,31.7,0.51,17349.7,240,4.44,3978.8,1926.5,46.9,4465.4,1818.87,256.1,54.1,Moderate (Tier C)
Healthcare,729967.5,16.7,0.73,26143.0,365,3.47,3596.9,1240.1,38.9,11794.3,3937.08,335.1,33.8,High Risk (Tier D)
Healthcare,740449.5,12.2,0.87,29973.3,365,4.42,8766.9,4565.9,69.7,24067.4,3550.84,296.4,44.8,Moderate (Tier C)
Logistics Hub,403744.2,60.1,0.6,23306.6,320,4.12,19903.7,7510.2,68.4,5335.1,1374.0,207.9,60.5,Efficient (Tier B)
Data Center,983989.3,50.8,0.71,24913.0,360,4.05,2877.6,1930.6,84.6,9779.1,2647.13,474.0,56.4,Efficient (Tier B)
Data Center,952503.4,90.7,0.74,27767.4,360,3.43,3453.0,893.1,84.3,19489.5,790.12,411.6,63.3,Efficient (Tier B)
Logistics Hub,603107.5,68.2,0.52,39540.5,320,2.76,18948.0,15737.8,77.9,8742.5,1830.52,183.0,64.0,Efficient (Tier B)
Manufacturing,722014.6,24.2,0.88,33544.8,300,1.9,41712.1,3675.7,24.2,26721.9,4078.46,258.3,24.7,High Risk (Tier D)
Manufacturing,244590.7,24.7,0.62,13245.0,350,2.55,23562.8,7400.3,25.0,10932.1,1730.17,221.6,35.9,Moderate (Tier C)
Data Center,462688.6,93.8,0.71,9352.7,365,4.23,3306.3,1067.1,85.2,4118.9,248.67,593.7,71.2,Efficient (Tier B)
Data Center,910687.0,31.4,0.77,18049.4,365,3.77,2868.8,1421.0,61.0,6709.2,3559.28,605.5,43.5,Moderate (Tier C)
Data Center,1167443.9,35.4,0.89,20028.2,365,4.22,4776.3,1997.8,87.2,8474.2,4043.57,699.5,51.1,Moderate (Tier C)
Manufacturing,2538634.0,10.4,0.84,74909.7,250,1.92,17216.4,10349.6,21.9,86595.7,15175.55,406.7,11.0,High Risk (Tier D)
Manufacturing,2526354.7,30.5,0.9,67469.6,300,2.92,11892.5,3390.2,25.2,55382.1,11605.45,449.3,26.6,High Risk (Tier D)
Manufacturing,1417401.6,28.0,0.82,67654.2,250,4.36,23554.6,2705.6,62.5,64700.4,6773.91,251.4,46.9,Moderate (Tier C)
Healthcare,628657.1,65.6,0.84,18345.0,365,4.66,5394.7,2541.3,69.6,16706.7,1491.39,411.2,60.3,Efficient (Tier B)
Data Center,227946.9,60.5,0.82,7696.3,360,4.11,3475.0,799.0,43.8,3303.8,617.42,355.4,47.2,Moderate (Tier C)
Data Center,404233.0,16.5,0.7,12676.5,360,4.38,2339.8,571.1,78.2,5598.6,1871.63,382.7,44.3,Moderate (Tier C)
Commercial Office,112186.3,29.5,0.49,9076.8,240,4.25,949.4,145.1,78.4,3559.7,500.09,148.3,48.0,Moderate (Tier C)
Manufacturing,1066904.1,54.6,0.64,46520.3,350,2.36,17270.9,7702.7,60.5,32769.6,3736.86,275.2,48.4,Moderate (Tier C)
Healthcare,1205287.9,58.8,0.72,31842.7,365,3.44,7694.0,2398.8,29.1,47236.4,3619.77,454.2,38.3,Moderate (Tier C)
Logistics Hub,85363.1,38.0,0.49,15363.6,280,3.57,53609.8,14314.5,60.5,1430.7,1093.93,66.7,55.3,Efficient (Tier B)
Manufacturing,2517416.6,49.8,0.87,62663.4,250,3.2,7975.9,11798.9,49.1,67780.2,8356.99,482.1,45.1,Moderate (Tier C)
Data Center,1236643.6,28.8,0.92,24865.2,360,3.04,537.6,398.6,94.3,8546.0,4382.34,596.8,42.6,Moderate (Tier C)
Healthcare,447995.8,52.9,0.79,19322.2,365,4.52,10814.8,2339.6,60.0,19665.7,1464.22,278.2,61.1,Efficient (Tier B)
Healthcare,1364297.0,10.3,0.87,32661.9,365,3.96,7588.1,4136.2,74.6,42461.6,6958.01,501.2,34.0,High Risk (Tier D)
Commercial Office,103849.4,36.8,0.76,7121.0,240,2.66,5548.7,2493.3,43.1,2378.8,625.01,175.0,46.0,Moderate (Tier C)
Commercial Office,424851.3,87.4,0.65,20682.1,240,4.17,888.1,172.5,86.2,2721.8,390.27,246.5,74.9,Efficient (Tier B)
Manufacturing,448719.2,11.5,0.67,22605.3,300,2.4,18714.7,11279.7,48.0,18387.4,2919.92,238.2,30.8,High Risk (Tier D)
Healthcare,1269548.8,62.6,0.7,29705.4,365,4.41,3698.1,2059.6,30.9,19833.7,3511.48,512.9,53.9,Moderate (Tier C)
Manufacturing,1764504.7,11.5,0.9,61152.4,300,3.24,9002.6,9064.3,31.2,61186.5,10590.22,346.3,23.5,High Risk (Tier D)
Healthcare,294574.8,58.8,0.87,8454.8,365,4.14,14766.5,1127.8,37.3,11780.0,952.26,418.1,50.4,Moderate (Tier C)
Commercial Office,352015.7,57.3,0.76,29258.7,260,4.69,7267.6,1996.6,76.5,6501.3,1163.42,144.4,72.4,Efficient (Tier B)
Commercial Office,161738.3,21.1,0.74,9644.3,260,4.36,7538.5,1994.3,26.4,1341.1,1040.09,201.2,43.0,Moderate (Tier C)
Commercial Office,329664.0,26.6,0.8,19604.9,240,3.59,4009.0,179.8,82.6,3378.3,1433.85,201.8,48.6,Moderate (Tier C)
Manufacturing,533859.5,12.8,0.64,27873.0,250,2.39,11788.9,2001.9,35.8,26379.4,3087.88,229.8,28.2,High Risk (Tier D)
Manufacturing,934045.0,21.9,0.72,29362.0,250,2.75,22762.6,2771.9,49.9,29835.5,4962.78,381.7,27.0,High Risk (Tier D)
Manufacturing,1312323.6,54.1,0.85,41240.3,350,1.98,43994.9,10174.1,69.2,27866.5,4139.17,381.9,43.4,Moderate (Tier C)
Manufacturing,1780642.5,48.1,0.73,60697.5,300,2.92,39262.9,10662.4,28.5,66494.3,7359.78,352.0,37.2,Moderate (Tier C)
Logistics Hub,126325.5,78.6,0.6,22461.7,365,4.18,52036.3,7233.2,47.8,1565.3,920.4,67.5,71.5,Efficient (Tier B)
Data Center,782665.1,68.3,0.71,31126.8,360,4.19,2831.0,1538.1,64.2,21457.2,1824.76,301.7,57.3,Efficient (Tier B)
Manufacturing,1322064.4,21.8,0.76,34654.4,250,2.05,24373.7,3090.1,75.9,14417.7,5865.79,457.8,28.0,High Risk (Tier D)
Healthcare,1716135.5,17.9,0.73,42210.7,365,3.34,9139.0,4553.6,22.7,63008.3,8039.78,487.9,29.1,High Risk (Tier D)
Healthcare,1374789.8,68.1,0.86,33691.2,365,4.16,14402.2,3457.2,66.6,47342.7,2866.34,489.7,57.2,Efficient (Tier B)
Healthcare,484685.5,55.1,0.79,19461.1,365,3.71,13410.9,1320.2,25.2,13301.9,1740.89,298.9,45.8,Moderate (Tier C)
Healthcare,589668.5,38.1,0.81,19868.3,365,3.12,13187.9,3127.2,35.1,27988.9,2435.66,356.1,40.9,Moderate (Tier C)
Manufacturing,290442.4,59.2,0.76,19218.9,300,2.86,28570.9,5308.2,81.5,8796.5,1014.18,181.3,58.3,Efficient (Tier B)
Data Center,243967.6,56.7,0.94,8013.2,365,3.81,640.1,1941.3,43.9,6344.9,799.72,365.3,45.5,Moderate (Tier C)
Logistics Hub,832729.4,70.9,0.64,50163.2,280,4.05,38790.9,16991.6,56.9,6809.7,2940.37,199.2,66.5,Efficient (Tier B)
Commercial Office,630674.1,34.8,0.57,29419.0,240,3.02,7056.4,732.3,84.1,4754.2,2188.41,257.3,50.0,Moderate (Tier C)
Manufacturing,1728791.4,6.8,0.81,69513.5,350,3.98,16860.4,8121.7,44.5,62625.1,10344.46,298.4,33.2,High Risk (Tier D)
Logistics Hub,498952.2,65.0,0.74,60232.7,280,4.42,24754.4,4683.5,75.1,6534.9,1636.29,99.4,71.8,Efficient (Tier B)
Manufacturing,492797.0,32.7,0.79,23574.6,350,4.08,23132.0,10717.3,83.9,9099.4,2062.49,250.8,59.3,Efficient (Tier B)
Manufacturing,1238377.3,33.3,0.68,62549.9,300,3.21,40965.8,10719.3,46.3,47460.9,6319.59,237.6,41.5,Moderate (Tier C)
Commercial Office,68714.3,47.1,0.65,8336.5,260,4.32,4840.3,1652.3,46.5,3160.9,453.18,98.9,57.2,Efficient (Tier B)
Commercial Office,589845.2,84.0,0.56,29362.8,260,2.66,3634.4,690.2,72.1,7135.6,887.19,241.1,62.7,Efficient (Tier B)
Commercial Office,291127.9,20.6,0.68,20534.6,260,3.84,5191.9,224.1,43.8,3353.5,1549.93,170.1,47.9,Moderate (Tier C)
Manufacturing,1624340.8,56.8,0.78,50783.5,300,3.81,30367.6,11270.4,76.0,30074.6,4597.67,383.8,52.9,Moderate (Tier C)
Healthcare,592037.8,16.8,0.87,20775.2,365,2.9,6552.5,1417.1,43.7,8972.3,3138.88,342.0,31.0,High Risk (Tier D)
Data Center,899502.0,32.7,0.91,25608.7,365,3.85,1336.8,399.9,85.1,16227.1,3444.08,421.5,43.1,Moderate (Tier C)
Manufacturing,1292457.0,62.6,0.74,74714.6,350,2.95,38493.1,12531.7,30.0,42569.1,5356.34,207.6,51.6,Moderate (Tier C)
Healthcare,671018.1,47.9,0.71,20365.3,365,3.96,9523.0,1875.9,37.5,25969.9,2579.86,395.4,40.1,Moderate (Tier C)
Healthcare,696296.7,16.1,0.86,16590.8,365,3.26,2462.9,4983.6,52.3,17869.3,3688.4,503.6,31.1,High Risk (Tier D)
Healthcare,973495.6,54.2,0.7,24730.8,365,3.71,4031.2,5779.1,58.0,31077.0,3003.37,472.4,49.8,Moderate (Tier C)
Logistics Hub,722900.3,37.4,0.43,42516.9,320,3.69,28250.9,4191.2,39.2,2786.1,3610.1,204.0,47.8,Moderate (Tier C)
Commercial Office,210787.6,48.5,0.64,12550.9,260,4.35,5090.4,1004.5,43.0,1260.2,925.95,201.5,52.7,Moderate (Tier C)
Commercial Office,44552.4,60.4,0.57,4921.7,260,4.77,5482.8,1734.7,56.5,548.3,249.26,108.6,67.0,Efficient (Tier B)
Manufacturing,393837.7,49.7,0.87,16875.6,350,3.43,22495.3,11877.1,73.4,19093.8,1789.97,280.1,58.0,Efficient (Tier B)
Data Center,383958.9,78.5,0.75,6770.1,360,4.88,3149.6,760.1,48.9,3180.6,625.24,680.6,59.2,Efficient (Tier B)
Data Center,672474.0,83.3,0.78,13785.1,365,3.35,3463.8,1955.8,91.4,9970.6,702.74,585.4,64.4,Efficient (Tier B)
Data Center,1659970.2,47.6,0.88,31818.6,365,4.02,4962.2,1969.8,67.0,18487.1,4632.03,626.0,49.3,Moderate (Tier C)
Logistics Hub,375190.2,36.5,0.51,59361.1,320,2.84,36002.2,5404.0,57.9,6958.4,2483.58,75.8,49.1,Moderate (Tier C)
Commercial Office,174729.5,50.5,0.75,15065.4,240,3.91,7828.9,367.2,88.0,2465.3,514.98,139.2,64.9,Efficient (Tier B)
Manufacturing,2523844.3,66.6,0.7,60167.6,300,4.33,8802.6,10088.3,53.2,25273.8,5848.69,503.4,59.9,Efficient (Tier B)
Manufacturing,514220.6,60.8,0.6,15349.1,350,3.6,36142.1,11313.7,58.7,11996.3,1761.15,402.0,59.7,Efficient (Tier B)
Commercial Office,171355.4,70.5,0.64,10807.3,260,4.78,5245.5,681.0,54.0,2496.8,529.69,190.3,68.6,Efficient (Tier B)
Manufacturing,289899.7,54.5,0.84,14453.0,250,2.12,41961.4,2932.1,41.4,16433.1,1289.28,240.7,41.2,Moderate (Tier C)
Healthcare,865078.3,22.8,0.8,22457.8,365,4.14,7059.1,3336.6,43.0,33436.3,4343.42,462.2,31.3,High Risk (Tier D)
Commercial Office,190316.2,61.9,0.72,10171.0,240,3.28,3347.6,2231.0,82.8,2250.4,511.04,224.5,56.3,Efficient (Tier B)
Commercial Office,171255.1,59.2,0.7,7875.1,240,3.88,1217.5,1019.0,47.4,3018.3,609.21,261.0,52.6,Moderate (Tier C)
Commercial Office,404929.8,76.5,0.55,19518.7,260,3.25,3671.5,1706.8,82.2,2052.3,720.84,248.9,63.5,Efficient (Tier B)
Logistics Hub,698390.5,40.2,0.56,70718.0,280,3.34,23467.9,4116.3,88.2,17256.0,2751.81,118.5,60.3,Efficient (Tier B)
Data Center,419574.3,14.2,0.75,9209.7,360,3.55,3102.4,1461.1,45.7,5459.3,1902.15,546.7,32.1,High Risk (Tier D)
Commercial Office,51970.9,26.3,0.51,5600.4,240,2.74,1912.6,1301.2,67.9,1892.8,337.68,111.4,48.8,Moderate (Tier C)
Commercial Office,141313.9,18.9,0.68,11060.2,240,2.65,5377.3,388.2,84.5,1124.8,734.86,153.3,48.3,Moderate (Tier C)
Data Center,1061277.8,22.3,0.84,32253.9,360,4.07,1452.1,1660.1,65.5,21422.5,4750.33,394.8,38.5,Moderate (Tier C)
Healthcare,1042607.8,31.3,0.81,36668.6,365,2.9,9913.0,1593.8,35.5,48169.4,4838.71,341.2,32.7,High Risk (Tier D)
Logistics Hub,393696.9,70.5,0.54,69657.8,280,3.64,22439.6,17095.5,71.6,15582.5,1987.66,67.8,71.0,Efficient (Tier B)
Commercial Office,160000.4,71.7,0.71,19497.7,240,3.65,4171.7,1194.7,54.3,3152.6,592.65,98.5,63.8,Efficient (Tier B)
Healthcare,1152703.7,31.6,0.82,43465.1,365,4.68,10625.0,5330.6,53.0,56949.2,5077.66,318.2,42.8,Moderate (Tier C)
Healthcare,460144.4,69.9,0.71,13781.7,365,4.29,8864.8,2938.4,23.9,9587.6,1376.98,400.7,47.8,Moderate (Tier C)
Logistics Hub,139519.4,38.1,0.74,17831.4,280,2.75,40438.6,7781.3,40.7,2291.0,1270.48,93.9,40.3,Moderate (Tier C)
Logistics Hub,242739.6,42.6,0.65,15085.5,320,3.23,59005.3,10081.9,70.7,1208.2,1284.19,193.1,49.9,Moderate (Tier C)
Commercial Office,364929.2,46.8,0.66,25302.3,260,4.48,5388.5,553.0,26.0,3008.6,1718.31,173.1,56.3,Efficient (Tier B)
Commercial Office,143522.2,83.5,0.58,10912.3,260,2.92,2333.4,2098.8,40.1,3102.6,516.17,157.8,61.9,Efficient (Tier B)
Commercial Office,43594.6,50.1,0.63,5391.9,260,2.6,3648.1,1206.5,61.9,1818.8,233.58,97.0,55.1,Efficient (Tier B)
Logistics Hub,815530.7,63.4,0.53,66428.3,280,3.44,34119.1,8044.4,89.4,5609.4,2065.36,147.3,71.5,Efficient (Tier B)
Manufacturing,1445973.6,19.9,0.67,60556.5,300,2.74,18068.4,11080.3,33.1,42906.6,7860.97,286.5,27.9,High Risk (Tier D)
Healthcare,1469979.2,57.7,0.79,39789.4,365,3.6,7600.6,1098.7,41.3,35826.4,3980.4,443.3,46.8,Moderate (Tier C)
Healthcare,452569.9,44.9,0.76,22192.5,365,2.85,9414.5,3435.3,37.8,29383.1,2007.73,244.7,40.2,Moderate (Tier C)
Manufacturing,1567596.9,40.8,0.63,43555.0,350,4.27,16965.2,9519.5,66.7,45262.2,5639.04,431.9,48.9,Moderate (Tier C)
Logistics Hub,316193.1,24.1,0.63,35215.7,320,3.25,59211.7,13315.7,81.8,8497.9,1964.91,107.7,53.9,Moderate (Tier C)
Manufacturing,1380285.9,66.1,0.65,30887.9,250,2.77,44553.5,11395.5,61.2,11251.3,3569.93,536.2,47.1,Moderate (Tier C)
Data Center,1172285.3,10.1,0.82,31717.8,365,3.81,572.8,1265.0,73.9,6584.4,5379.02,443.5,34.7,High Risk (Tier D)
Logistics Hub,204496.8,47.6,0.63,27286.1,320,3.63,33165.6,9547.1,81.0,2419.6,1128.21,89.9,65.8,Efficient (Tier B)
Manufacturing,550822.5,47.4,0.8,13216.5,300,4.35,13709.2,5080.9,64.2,5165.0,1782.47,500.1,51.6,Moderate (Tier C)
Logistics Hub,919705.2,54.4,0.57,56790.5,280,3.55,20161.0,17884.0,64.9,6275.0,3518.76,194.3,54.0,Moderate (Tier C)
Logistics Hub,582385.5,64.5,0.66,66031.0,320,3.0,45518.2,16630.7,73.5,8395.6,2299.06,105.8,67.0,Efficient (Tier B)
Commercial Office,59185.2,27.1,0.5,3666.7,240,3.76,4209.8,846.2,49.0,920.8,333.69,193.7,43.1,Moderate (Tier C)
Manufacturing,527807.1,20.2,0.63,16414.3,350,3.97,41603.1,11079.1,37.1,17073.8,3102.74,385.9,31.1,High Risk (Tier D)
Data Center,582795.4,63.2,0.94,11255.8,365,3.47,2703.4,903.6,67.2,2857.0,1364.92,621.3,51.7,Moderate (Tier C)
Commercial Office,141997.8,44.1,0.72,9704.9,260,3.78,2580.3,1242.1,78.3,2341.1,523.77,175.6,61.5,Efficient (Tier B)
Healthcare,866507.2,25.7,0.87,24693.1,365,4.53,13575.5,2204.0,35.3,10827.4,4355.52,421.1,38.8,Moderate (Tier C)
Commercial Office,469310.6,57.4,0.48,27462.1,260,3.83,7055.7,1830.5,72.0,8042.7,1365.67,205.1,62.9,Efficient (Tier B)
Data Center,499196.5,12.5,0.71,17589.6,360,4.83,3088.0,1528.7,43.5,8690.5,2659.29,340.6,36.6,Moderate (Tier C)
Commercial Office,308188.9,88.3,0.53,17061.8,240,4.44,2632.4,1815.3,42.7,4612.7,714.13,216.8,68.5,Efficient (Tier B)
Commercial Office,56163.2,44.6,0.53,6434.4,240,2.88,2030.5,1764.1,36.7,2413.6,447.74,104.7,43.3,Moderate (Tier C)
Logistics Hub,366018.5,38.1,0.5,33531.5,365,4.19,56589.8,11073.6,73.1,3335.3,2163.24,131.0,58.6,Efficient (Tier B)
Manufacturing,1877909.5,12.2,0.76,66942.1,300,2.74,38437.0,11101.4,24.7,39437.6,10809.74,336.6,19.2,High Risk (Tier D)
Logistics Hub,265732.5,21.7,0.42,21127.9,320,3.82,47454.2,6109.2,43.4,4788.3,1893.61,150.9,46.4,Moderate (Tier C)
Commercial Office,79119.4,66.2,0.76,5585.5,260,3.7,7410.5,1635.1,52.8,848.3,323.05,170.0,69.2,Efficient (Tier B)
Healthcare,1146197.6,60.2,0.78,29886.6,365,4.43,11388.0,3998.4,71.5,16912.0,2913.57,460.2,59.1,Efficient (Tier B)
Data Center,383381.6,50.5,0.76,9109.0,360,3.09,1409.1,1625.5,42.7,5881.3,1182.51,505.1,32.5,High Risk (Tier D)
Commercial Office,261243.4,20.4,0.56,19077.0,240,4.02,4628.2,393.0,73.3,2552.7,1300.24,164.3,47.9,Moderate (Tier C)
Healthcare,736955.2,65.6,0.79,34339.6,365,2.97,13748.7,5517.0,64.6,40110.6,2085.43,257.5,51.4,Moderate (Tier C)
Manufacturing,2049186.1,70.2,0.69,63855.0,350,2.86,27384.6,10219.2,57.1,74544.2,4638.33,385.1,43.1,Moderate (Tier C)
Healthcare,1539172.1,32.0,0.67,35163.6,365,2.81,2387.4,3729.4,50.0,43571.7,6188.55,525.3,31.7,High Risk (Tier D)
Commercial Office,153502.7,19.1,0.56,16458.3,260,3.36,712.1,429.0,67.7,2501.0,877.99,111.9,50.1,Moderate (Tier C)
Manufacturing,1687389.6,47.9,0.86,64405.5,300,2.68,11029.5,9446.7,69.5,43659.4,6014.34,314.4,41.6,Moderate (Tier C)
Data Center,1003737.3,79.7,0.93,21371.1,365,3.32,4203.4,1255.9,58.9,12135.0,1459.95,563.6,53.5,Moderate (Tier C)
Logistics Hub,209083.0,19.5,0.66,27586.2,320,4.02,36661.0,13520.9,45.0,6329.8,1987.95,91.0,50.8,Moderate (Tier C)
Manufacturing,1764403.5,16.4,0.61,45275.6,300,2.96,32642.9,8253.2,59.0,53390.7,9088.09,467.6,31.9,High Risk (Tier D)
Commercial Office,168930.1,19.4,0.71,15754.7,240,3.61,5555.2,1144.0,70.3,4216.2,943.23,128.7,51.2,Moderate (Tier C)
Data Center,352928.7,62.0,0.91,6584.7,360,4.79,989.5,1051.2,45.5,4281.5,890.06,643.2,55.5,Efficient (Tier B)
Commercial Office,197902.8,26.0,0.8,13105.0,240,4.32,7710.7,1124.7,60.8,3326.1,1014.32,181.2,52.8,Moderate (Tier C)
Manufacturing,646812.4,29.7,0.88,19402.6,300,3.86,5940.1,6506.0,31.3,7754.7,3110.77,400.0,31.5,High Risk (Tier D)
Healthcare,663923.8,26.2,0.73,21812.3,365,4.11,13945.1,2883.1,67.0,13339.9,2777.85,365.3,41.4,Moderate (Tier C)
Healthcare,914610.3,15.0,0.69,29150.7,365,3.7,5620.4,5704.4,48.4,40008.6,4913.36,376.5,29.0,High Risk (Tier D)
Healthcare,494213.7,47.5,0.87,16327.2,365,3.86,6344.8,1881.0,45.7,20904.6,1954.56,363.2,50.0,Moderate (Tier C)
Logistics Hub,272286.3,61.1,0.74,29136.5,280,4.06,21286.6,15943.6,61.9,3787.5,1565.62,112.1,62.9,Efficient (Tier B)
Manufacturing,1773067.2,48.6,0.62,63859.4,250,2.8,8014.2,13500.2,63.3,44159.5,5910.53,333.2,47.1,Moderate (Tier C)
Logistics Hub,387430.9,28.8,0.66,50523.4,320,4.23,50762.8,17478.4,34.8,3252.6,3643.87,92.0,48.2,Moderate (Tier C)
Manufacturing,1130818.0,12.5,0.63,58820.1,250,3.2,11694.7,13741.5,52.1,37500.0,6981.64,230.7,39.3,Moderate (Tier C)
Manufacturing,2780542.0,24.8,0.6,66809.9,250,2.33,39427.6,3759.6,78.5,74676.7,12079.24,499.4,35.6,Moderate (Tier C)
Data Center,1303223.5,82.2,0.87,28724.6,360,4.11,4854.4,1993.1,67.5,7753.5,1710.8,544.4,65.2,Efficient (Tier B)
Commercial Office,213122.5,33.6,0.47,12851.9,240,4.07,5342.0,1807.9,64.9,4825.0,928.22,199.0,50.9,Moderate (Tier C)
Logistics Hub,211450.8,56.1,0.44,41025.6,280,3.4,51786.6,11472.1,73.1,4828.6,1456.05,61.8,66.7,Efficient (Tier B)
Commercial Office,154973.0,30.5,0.51,17625.4,240,4.57,5790.7,2013.0,32.2,5367.0,1198.21,105.5,52.4,Moderate (Tier C)
Data Center,1474591.4,34.8,0.84,29884.7,360,3.17,2499.7,1729.0,63.1,17019.5,5289.09,592.1,35.7,Moderate (Tier C)
Data Center,1547529.2,25.4,0.92,26200.8,360,4.07,2536.0,1957.8,75.6,6023.1,5573.14,708.8,43.3,Moderate (Tier C)
Healthcare,453130.2,62.1,0.79,13045.5,365,4.74,13484.0,5716.9,27.1,6848.4,1514.9,416.8,53.0,Moderate (Tier C)
Data Center,1204261.5,53.5,0.74,23988.0,365,3.07,1257.8,1510.1,45.1,7442.1,3437.24,602.4,38.9,Moderate (Tier C)
Commercial Office,356074.8,55.7,0.77,27784.8,260,4.57,1386.2,845.6,79.1,9267.0,1011.57,153.8,70.9,Efficient (Tier B)
Manufacturing,735294.5,73.2,0.88,17253.7,350,3.67,39704.8,6397.5,21.1,5847.1,1909.88,511.4,43.8,Moderate (Tier C)
Logistics Hub,750103.1,61.5,0.4,76597.4,320,4.25,51878.3,12646.7,43.0,19068.1,3901.56,117.5,61.4,Efficient (Tier B)
Commercial Office,354904.1,88.3,0.46,25706.0,240,3.97,6852.9,1396.2,62.8,5765.4,626.17,165.7,72.8,Efficient (Tier B)
Manufacturing,2892638.3,12.9,0.8,66346.8,300,2.45,22303.0,5064.4,64.2,72714.5,15502.83,523.2,25.6,High Risk (Tier D)
Manufacturing,787829.7,49.4,0.69,26918.4,250,1.91,31957.8,8448.0,73.8,18835.6,2812.9,351.2,42.2,Moderate (Tier C)
Commercial Office,237241.8,26.3,0.78,13975.4,260,2.98,7338.4,519.6,67.8,4896.0,1009.04,203.7,41.2,Moderate (Tier C)
Commercial Office,130040.7,17.4,0.65,6215.1,240,3.83,817.0,1508.2,78.4,1133.5,676.71,251.1,53.4,Moderate (Tier C)
Data Center,701806.9,17.4,0.77,13271.9,360,4.41,4886.0,619.6,61.0,8811.1,3322.4,634.5,34.2,High Risk (Tier D)
Healthcare,714656.7,68.7,0.78,26747.5,365,4.57,14277.7,1322.9,34.9,18697.3,2115.59,320.6,58.0,Efficient (Tier B)
Manufacturing,1243785.8,5.3,0.71,55026.0,300,2.26,24359.6,10422.3,42.3,27759.1,7470.3,271.2,23.8,High Risk (Tier D)
Data Center,1680255.8,20.9,0.8,34065.8,360,3.51,4890.3,1752.5,81.5,23365.0,7412.2,591.9,37.4,Moderate (Tier C)
Healthcare,708200.1,32.5,0.66,15938.0,365,3.5,7572.4,5085.9,51.1,19808.5,2948.85,533.2,36.7,Moderate (Tier C)
Data Center,770849.2,47.1,0.9,30067.9,365,3.35,1503.6,1146.1,72.0,7659.8,2395.68,307.6,52.2,Moderate (Tier C)
Commercial Office,209931.3,83.4,0.64,16618.1,260,4.08,7493.3,452.3,57.6,5113.4,487.64,151.6,74.9,Efficient (Tier B)
Data Center,491096.9,62.1,0.92,15854.0,360,4.41,1411.2,1402.9,62.7,4906.6,1125.07,371.7,56.3,Efficient (Tier B)
Data Center,1472577.1,39.0,0.93,24614.0,365,4.62,1561.3,1030.3,92.5,11901.3,4814.29,717.9,55.8,Efficient (Tier B)
Healthcare,1130863.8,59.0,0.78,33777.3,365,3.12,6838.4,4298.4,36.5,47863.4,3500.34,401.8,37.2,Moderate (Tier C)
Data Center,502759.8,55.7,0.73,18018.7,365,3.36,1060.2,1846.8,72.6,5120.2,1211.65,334.8,51.5,Moderate (Tier C)
Healthcare,631791.9,51.6,0.73,28109.1,365,2.9,7143.7,1780.7,49.3,28609.3,2312.76,269.7,47.5,Moderate (Tier C)
Manufacturing,1017559.9,72.3,0.85,38225.4,300,2.58,20499.9,9521.3,32.1,30508.3,3107.47,319.4,38.8,Moderate (Tier C)
Manufacturing,1056656.2,71.8,0.86,32833.1,250,3.16,38965.5,4827.7,82.3,37483.8,1991.85,386.2,56.0,Efficient (Tier B)
Manufacturing,1669987.5,29.2,0.62,64441.6,250,3.31,38999.0,13951.9,32.1,48804.3,8146.22,311.0,35.0,Moderate (Tier C)
Commercial Office,32288.3,63.8,0.64,2134.4,240,3.65,2237.8,1400.5,83.8,354.2,126.84,181.5,70.4,Efficient (Tier B)
Data Center,246468.4,66.5,0.91,7564.7,360,4.85,645.0,1032.6,86.2,2935.7,440.24,391.0,65.5,Efficient (Tier B)
Healthcare,654367.9,34.7,0.9,21334.0,365,4.37,13663.7,3081.6,59.4,14026.8,2615.88,368.1,48.1,Moderate (Tier C)
Commercial Office,59687.8,63.5,0.47,5064.1,260,2.84,5948.5,597.9,42.7,1164.2,267.39,141.4,54.4,Moderate (Tier C)
Healthcare,851911.4,30.4,0.88,22212.0,365,3.86,2129.6,2560.0,44.0,18624.7,3548.64,460.2,39.2,Moderate (Tier C)
Manufacturing,952623.6,19.8,0.68,51123.3,350,3.77,22654.4,6063.7,37.3,28840.2,5141.01,223.6,42.2,Moderate (Tier C)
Healthcare,329971.6,53.0,0.66,11508.7,365,3.17,11708.0,2492.4,52.0,13063.1,1090.23,344.1,41.4,Moderate (Tier C)
Logistics Hub,408126.0,52.1,0.66,77315.4,320,4.22,22555.2,8575.5,72.7,6532.4,2005.67,63.3,70.7,Efficient (Tier B)
Logistics Hub,427801.3,41.3,0.64,35609.8,280,4.3,22850.1,8940.3,77.4,4454.8,1881.64,144.2,66.9,Efficient (Tier B)
Logistics Hub,963820.5,48.4,0.41,67139.4,365,3.08,25548.3,11455.2,30.1,4891.1,5082.97,172.3,50.3,Moderate (Tier C)
Logistics Hub,283324.0,57.5,0.74,36050.2,365,4.18,29092.3,11981.4,83.0,6477.7,1484.15,94.3,72.0,Efficient (Tier B)
Commercial Office,100032.4,49.5,0.7,8569.4,260,4.63,7489.3,1330.5,37.1,1643.0,537.04,140.1,61.4,Efficient (Tier B)
Manufacturing,1541013.7,24.6,0.63,51362.4,300,2.14,22491.8,10785.2,63.8,46999.1,7468.94,360.0,33.2,High Risk (Tier D)
Manufacturing,1787461.7,17.8,0.7,70301.3,300,3.13,16839.7,5914.2,40.2,81888.7,9203.06,305.1,28.9,High Risk (Tier D)
Healthcare,1116973.1,31.4,0.75,26866.0,365,4.29,13132.9,2412.1,65.8,22353.2,3966.0,498.9,46.1,Moderate (Tier C)
Commercial Office,39931.1,42.3,0.69,3241.7,260,4.4,4662.3,808.7,68.4,516.4,213.43,147.8,56.4,Efficient (Tier B)
Logistics Hub,755293.7,71.1,0.7,44059.0,280,2.54,47608.4,4497.7,47.8,10991.7,2244.88,205.7,56.4,Efficient (Tier B)
Commercial Office,122829.9,15.2,0.57,9207.5,260,2.57,7218.8,1665.0,65.8,2958.0,758.81,160.1,39.1,Moderate (Tier C)
Manufacturing,1501404.8,72.9,0.84,48251.6,250,3.47,23316.4,8806.0,61.2,53530.6,3384.54,373.4,54.3,Moderate (Tier C)
Manufacturing,1044963.6,66.4,0.65,59663.6,300,2.01,24763.2,6327.0,65.6,64747.6,3274.59,210.2,50.5,Moderate (Tier C)
Commercial Office,372015.8,56.2,0.58,20360.3,240,3.03,7167.4,231.9,56.3,3114.8,1271.03,219.3,52.5,Moderate (Tier C)
Data Center,161007.4,69.0,0.95,6375.6,365,4.22,3590.9,1026.7,82.2,3438.3,357.06,303.0,66.3,Efficient (Tier B)
Manufacturing,1748708.8,37.2,0.89,68212.1,300,2.38,6487.0,3689.7,25.0,76777.7,8192.19,307.6,33.5,High Risk (Tier D)
Commercial Office,586278.9,43.8,0.71,28872.4,240,3.16,5979.0,764.3,75.1,9077.6,2146.52,243.7,55.6,Efficient (Tier B)
Manufacturing,407816.3,32.4,0.81,19282.6,300,2.09,42403.1,5492.0,82.4,14819.9,1817.64,253.8,42.1,Moderate (Tier C)
Commercial Office,215103.9,15.6,0.75,11381.4,240,3.41,5971.3,597.0,74.3,2425.5,1157.84,226.8,39.1,Moderate (Tier C)
Data Center,1274992.0,24.6,0.81,23776.6,360,3.38,4030.3,1273.1,63.1,17499.7,5131.0,643.5,40.0,Moderate (Tier C)
Logistics Hub,362958.5,62.7,0.44,69134.8,280,3.06,58899.4,6555.4,69.5,8449.6,1906.58,63.0,61.2,Efficient (Tier B)
Data Center,976907.3,43.0,0.91,22433.7,365,3.6,2872.1,1038.1,61.3,17942.5,3371.51,522.6,42.3,Moderate (Tier C)
Commercial Office,171697.4,61.3,0.76,16100.3,260,3.49,6985.9,1767.2,31.1,1649.2,787.62,128.0,55.4,Efficient (Tier B)
Manufacturing,2718749.6,51.3,0.76,60760.7,300,2.45,24900.8,13334.7,64.8,42517.6,8755.69,536.9,40.0,Moderate (Tier C)
Manufacturing,1067419.7,50.9,0.72,66652.7,300,2.06,19832.2,10507.4,30.7,33552.2,5130.0,192.2,37.2,Moderate (Tier C)
Data Center,195276.2,82.6,0.93,6679.4,360,4.86,3592.7,776.8,50.7,2132.3,401.55,350.8,61.7,Efficient (Tier B)
Commercial Office,71074.8,45.9,0.63,6525.1,240,3.57,7458.8,717.6,40.8,1180.7,433.29,130.7,53.7,Moderate (Tier C)
Commercial Office,112364.4,89.3,0.65,5617.1,260,2.78,7057.2,243.1,52.5,1097.1,194.88,240.0,58.5,Efficient (Tier B)
Data Center,526479.2,35.9,0.95,8934.7,360,3.5,2186.8,1639.9,65.8,6259.2,2077.08,707.1,45.4,Moderate (Tier C)
Commercial Office,231253.1,82.5,0.76,26467.0,260,4.54,5879.7,415.1,47.6,10115.0,862.29,104.8,73.6,Efficient (Tier B)
Healthcare,456012.1,47.1,0.83,12126.7,365,4.59,2684.5,1536.9,21.8,12831.0,1723.93,451.2,40.2,Moderate (Tier C)
Logistics Hub,513846.7,41.9,0.66,40800.6,280,3.61,33209.5,10006.7,87.2,3890.5,1947.27,151.1,65.9,Efficient (Tier B)
Manufacturing,1263613.2,12.0,0.61,65279.4,350,2.57,31142.5,9866.8,84.7,54390.8,6145.94,232.3,40.7,Moderate (Tier C)
Commercial Office,223746.3,85.8,0.76,13211.7,260,2.97,6250.3,808.9,36.0,1405.9,543.89,203.2,67.5,Efficient (Tier B)
Manufacturing,234878.5,52.8,0.67,10621.3,300,4.43,7329.5,3874.1,59.4,4193.1,867.25,265.4,52.8,Moderate (Tier C)
Manufacturing,557815.7,15.4,0.79,33356.8,250,2.34,23898.4,7899.4,44.6,10560.5,3506.69,200.7,33.3,High Risk (Tier D)
Healthcare,856107.9,39.4,0.76,33298.0,365,3.91,13551.7,2495.6,61.1,18211.2,3546.63,308.5,50.2,Moderate (Tier C)
Manufacturing,475496.8,66.2,0.61,17140.9,300,2.11,10636.0,12242.7,71.3,14224.4,1547.38,332.9,47.8,Moderate (Tier C)
Commercial Office,344903.7,64.6,0.47,20864.8,260,4.8,1861.2,388.9,68.0,2985.2,879.76,198.4,69.0,Efficient (Tier B)
Commercial Office,476882.9,52.0,0.61,25741.9,260,3.01,5555.2,350.6,49.8,6080.7,1798.9,222.3,53.3,Moderate (Tier C)
Logistics Hub,260124.2,10.1,0.52,27042.4,365,3.54,45680.9,10292.7,63.6,2659.2,1921.19,115.4,47.8,Moderate (Tier C)
Commercial Office,400589.3,28.5,0.58,18538.3,240,3.38,2893.2,2146.8,26.0,3077.9,1961.69,259.3,32.0,High Risk (Tier D)
Manufacturing,723795.6,6.8,0.76,23687.6,300,2.57,40840.6,12338.8,25.8,10603.4,4720.88,366.7,16.4,High Risk (Tier D)
Data Center,802584.5,69.3,0.84,13596.4,360,4.24,751.8,1793.5,42.9,6649.9,1572.82,708.4,49.6,Moderate (Tier C)
Commercial Office,207199.2,51.8,0.55,16959.0,260,3.82,7878.8,798.3,27.6,5737.3,1027.21,146.6,53.6,Moderate (Tier C)
Manufacturing,1195326.6,57.9,0.79,59596.3,350,3.14,37367.3,6088.1,24.7,38752.1,5007.69,240.7,49.4,Moderate (Tier C)
Data Center,1239970.4,77.7,0.85,30955.1,360,3.22,3019.3,644.4,62.7,24339.6,2050.22,480.7,52.5,Moderate (Tier C)
Manufacturing,764920.8,67.9,0.64,19837.2,250,2.42,17680.6,4561.8,26.6,22124.1,2058.76,462.7,37.2,Moderate (Tier C)
Manufacturing,788028.5,19.8,0.72,19285.8,250,4.38,44618.6,11691.9,42.1,9052.1,3805.75,490.3,33.5,High Risk (Tier D)
Data Center,850509.5,22.6,0.9,14544.0,360,3.27,2410.9,444.0,76.1,6537.4,3375.0,701.7,39.6,Moderate (Tier C)
Manufacturing,1921909.1,56.1,0.8,61040.7,350,2.06,17754.1,13913.8,33.8,55582.7,7227.68,377.8,37.8,Moderate (Tier C)
Commercial Office,49951.9,22.2,0.54,4205.9,240,3.23,1593.9,2391.6,57.2,517.0,367.33,142.5,45.9,Moderate (Tier C)
Commercial Office,469938.1,59.4,0.78,24939.6,260,4.75,6429.4,1276.3,74.3,3141.8,1377.66,226.1,72.5,Efficient (Tier B)
Logistics Hub,339354.0,17.5,0.68,27396.6,320,3.01,25811.9,7684.7,71.8,3222.4,2062.56,148.6,44.0,Moderate (Tier C)
Manufacturing,1004616.3,59.9,0.66,23480.9,300,2.6,35741.5,7131.3,80.4,24359.1,2577.27,513.4,42.9,Moderate (Tier C)
Manufacturing,979851.0,72.5,0.85,59179.3,250,3.5,35486.8,12517.8,57.8,63139.9,3241.8,198.7,65.0,Efficient (Tier B)
Manufacturing,2711080.3,67.3,0.87,69062.6,250,1.82,6465.3,9160.7,39.6,44896.6,7058.94,471.1,36.3,Moderate (Tier C)
Commercial Office,216969.7,34.1,0.55,14097.4,260,2.52,2843.8,518.6,41.8,3900.9,1061.93,184.7,38.8,Moderate (Tier C)
Logistics Hub,630313.6,14.1,0.44,46742.0,320,3.28,43730.5,17201.6,62.2,4317.6,3955.13,161.8,43.8,Moderate (Tier C)
Manufacturing,397314.4,35.2,0.87,19268.8,300,4.01,25678.0,8711.5,27.5,17430.4,2092.93,247.4,39.5,Moderate (Tier C)
Healthcare,458705.8,11.5,0.71,11804.3,365,2.86,14735.0,5898.0,60.0,9631.8,2404.65,466.3,22.4,High Risk (Tier D)
Manufacturing,1200322.2,11.7,0.64,64015.8,350,2.2,10590.9,9001.0,38.6,75955.3,7797.77,225.0,28.3,High Risk (Tier D)
Commercial Office,237414.8,77.5,0.76,26344.9,260,3.67,6607.2,1907.2,41.5,9856.2,972.81,108.1,68.0,Efficient (Tier B)
Logistics Hub,420345.4,55.0,0.4,36534.3,365,3.74,35703.0,14954.2,82.9,4086.4,1861.3,138.1,70.2,Efficient (Tier B)
Healthcare,495698.5,38.0,0.78,22879.6,365,3.49,10738.9,5745.4,56.0,21373.4,2470.62,260.0,49.7,Moderate (Tier C)
Logistics Hub,180240.9,68.8,0.72,21727.3,280,2.53,24208.1,13559.7,47.5,4408.0,1248.13,99.5,60.1,Efficient (Tier B)
Logistics Hub,920422.9,16.8,0.64,75516.9,365,3.24,27286.1,9405.9,61.3,6193.5,5411.63,146.3,48.6,Moderate (Tier C)
Data Center,1319046.1,82.1,0.81,26611.4,365,4.84,663.1,1741.0,47.7,9007.7,1892.48,594.8,63.7,Efficient (Tier B)
Logistics Hub,872178.2,24.9,0.57,52714.2,280,4.02,30059.6,9307.7,36.2,12484.3,4917.78,198.5,43.9,Moderate (Tier C)
Manufacturing,1208108.0,46.4,0.79,32321.7,300,2.3,6557.3,2431.9,43.3,33886.4,4094.43,448.5,35.8,Moderate (Tier C)
Healthcare,893832.0,35.8,0.9,41086.4,365,4.03,4385.0,4331.2,67.4,50935.7,3673.58,261.1,54.5,Moderate (Tier C)
Commercial Office,74047.2,40.8,0.48,6220.5,240,4.0,6071.4,155.0,37.3,2411.6,381.96,142.8,53.3,Moderate (Tier C)
Logistics Hub,993823.2,38.1,0.43,70296.0,280,4.07,58344.1,13901.8,68.8,4636.2,4775.98,169.7,54.2,Moderate (Tier C)
Commercial Office,139801.0,64.0,0.65,11820.1,240,4.74,4883.9,1170.5,69.6,1972.0,442.59,141.9,67.2,Efficient (Tier B)
Commercial Office,177486.3,60.0,0.76,21185.3,260,4.26,7217.5,1995.3,46.6,3359.6,954.45,100.5,68.2,Efficient (Tier B)
Commercial Office,24390.8,66.2,0.49,2257.8,260,2.74,6778.1,1420.7,79.7,693.8,126.39,129.6,64.9,Efficient (Tier B)
Logistics Hub,320635.5,39.7,0.6,23617.0,280,3.69,23520.6,9057.4,84.9,5252.5,1479.56,162.9,61.4,Efficient (Tier B)
Manufacturing,1142402.6,10.2,0.83,42366.0,300,3.16,15760.6,9181.5,21.4,20399.4,7197.43,323.6,27.8,High Risk (Tier D)
Manufacturing,2639626.1,23.6,0.84,71849.4,300,4.04,41469.5,5052.1,33.6,71509.8,12029.2,440.9,31.3,High Risk (Tier D)
Manufacturing,1111996.4,42.8,0.89,71377.3,300,3.67,27998.8,4121.1,52.1,59447.1,4820.3,186.9,47.1,Moderate (Tier C)
Manufacturing,863964.4,27.5,0.74,43372.5,250,3.12,24547.4,2930.2,47.3,20458.7,4457.98,239.0,41.9,Moderate (Tier C)
Healthcare,1246497.7,60.0,0.69,29975.7,365,2.83,7840.1,3046.9,64.1,30188.3,2835.43,499.0,48.9,Moderate (Tier C)
Manufacturing,709948.7,52.1,0.63,16502.8,250,4.26,5772.0,9841.2,58.3,10660.3,2364.66,516.2,51.3,Moderate (Tier C)
Healthcare,669980.0,68.0,0.77,16269.5,365,4.45,7278.2,5920.4,48.3,20296.8,1758.8,494.2,50.6,Moderate (Tier C)
Data Center,988217.1,33.4,0.92,19210.7,360,3.36,2505.9,639.9,87.5,9926.3,3708.97,617.3,44.7,Moderate (Tier C)
Manufacturing,742498.7,61.0,0.84,49476.1,250,2.13,18039.2,8755.8,83.2,23177.6,2377.28,180.1,52.7,Moderate (Tier C)
Logistics Hub,215163.9,66.6,0.56,28959.4,280,3.65,19913.5,6494.7,63.1,1687.2,1041.78,89.2,63.4,Efficient (Tier B)
Commercial Office,106177.0,67.5,0.62,10869.0,240,3.79,7809.6,1753.3,72.8,4005.3,396.97,117.2,69.7,Efficient (Tier B)
Commercial Office,124097.8,37.7,0.72,10131.5,260,2.54,2670.4,1639.5,56.6,1578.3,605.3,147.0,47.3,Moderate (Tier C)
Commercial Office,131042.5,17.4,0.78,13816.7,260,3.24,3136.5,252.0,68.1,5468.5,742.84,113.8,47.7,Moderate (Tier C)
Logistics Hub,524266.3,44.6,0.52,39129.8,365,4.46,26599.5,10423.8,75.4,3649.0,2411.22,160.8,65.6,Efficient (Tier B)
Manufacturing,1034030.9,53.1,0.67,43871.6,300,3.7,17353.8,5783.4,56.9,15552.4,3482.38,282.8,50.3,Moderate (Tier C)
Healthcare,787542.3,27.3,0.78,20928.7,365,3.74,8647.2,4109.0,27.7,23565.8,3770.54,451.6,32.5,High Risk (Tier D)
Healthcare,496426.7,62.8,0.87,13795.5,365,3.62,4203.8,4734.3,53.4,18151.2,1351.82,431.8,47.6,Moderate (Tier C)
Commercial Office,214435.9,85.9,0.49,26100.4,260,3.39,5621.2,2253.8,25.9,5214.1,1054.34,98.6,64.5,Efficient (Tier B)
Manufacturing,619905.8,27.4,0.64,32690.4,350,3.62,37655.9,13187.2,58.1,35588.9,3601.93,227.6,47.0,Moderate (Tier C)
Commercial Office,48347.3,74.5,0.48,4164.2,240,4.75,3238.1,1199.3,40.1,1356.3,220.88,139.3,73.7,Efficient (Tier B)
Manufacturing,2889518.4,9.9,0.61,70437.1,350,1.97,24573.2,11760.1,30.0,27391.4,14692.7,492.3,16.4,High Risk (Tier D)
Manufacturing,2191661.9,29.9,0.77,59686.0,350,2.2,27925.4,13729.7,36.7,30633.2,10379.23,440.6,27.2,High Risk (Tier D)
Data Center,508664.5,43.0,0.88,12993.8,360,3.1,4814.3,698.9,46.6,9407.8,1720.84,469.8,37.5,Moderate (Tier C)
Commercial Office,43336.8,63.4,0.54,4252.4,240,3.77,3580.3,2111.9,81.8,1676.7,193.34,122.3,71.2,Efficient (Tier B)
Healthcare,1123046.9,28.9,0.82,30153.2,365,4.21,6173.2,3793.4,39.2,31767.9,4619.78,446.9,41.1,Moderate (Tier C)
Logistics Hub,811692.9,69.6,0.45,64546.0,365,3.52,22895.5,15286.9,56.0,14696.3,2955.7,150.9,69.4,Efficient (Tier B)
Logistics Hub,403152.9,40.1,0.41,64313.8,365,2.85,38094.6,9955.8,62.0,14670.6,2525.34,75.2,57.9,Efficient (Tier B)
Data Center,1194516.7,80.4,0.77,33658.6,360,4.9,1182.5,347.5,66.0,15448.3,1677.84,425.9,65.5,Efficient (Tier B)
Data Center,1510035.7,42.8,0.75,29878.6,365,4.67,2113.8,1019.1,82.4,6477.2,4642.01,606.5,57.8,Efficient (Tier B)
Data Center,1465801.9,85.9,0.87,29638.3,360,3.37,2700.6,1636.3,75.0,16045.6,1524.44,593.5,61.5,Efficient (Tier B)
Healthcare,1229325.9,24.7,0.76,33505.6,365,4.18,2906.2,5271.2,62.2,42069.4,5743.56,440.3,39.1,Moderate (Tier C)
Manufacturing,232856.3,59.2,0.62,10821.8,300,2.0,14003.7,8403.6,22.8,10022.8,1020.56,258.2,40.3,Moderate (Tier C)
Healthcare,549534.1,48.2,0.76,23835.5,365,3.67,8476.8,5442.7,68.7,30643.0,2124.85,276.7,50.1,Moderate (Tier C)
Commercial Office,408687.3,18.7,0.65,20997.1,260,3.51,6319.8,1826.2,82.1,2896.7,1929.19,233.6,48.7,Moderate (Tier C)
Data Center,223266.8,81.9,0.71,7394.9,360,3.74,4285.4,1754.9,57.8,2026.0,391.42,362.3,64.5,Efficient (Tier B)
Logistics Hub,643074.0,42.1,0.63,53560.5,365,3.38,54974.0,15333.0,32.3,11091.5,3810.01,144.1,51.3,Moderate (Tier C)
Commercial Office,324790.0,26.3,0.52,15783.2,240,2.83,7588.1,2468.3,52.5,1791.0,1604.58,246.9,42.4,Moderate (Tier C)
Healthcare,433380.7,35.7,0.68,14894.3,365,3.71,5532.0,2629.9,74.1,7502.9,1706.26,349.2,45.7,Moderate (Tier C)
Healthcare,845206.3,14.5,0.86,20166.8,365,4.7,12271.4,4229.9,45.5,27068.8,4440.37,502.9,38.7,Moderate (Tier C)
Data Center,1801020.5,79.7,0.94,34677.7,365,4.9,4722.1,222.3,58.4,10521.1,2456.76,623.2,66.0,Efficient (Tier B)
Data Center,412656.9,22.7,0.81,7863.9,365,3.07,4710.4,1255.0,85.6,2979.5,1499.44,629.7,37.1,Moderate (Tier C)
Commercial Office,493276.9,15.8,0.68,25422.6,240,4.19,6316.4,2041.2,74.5,6895.3,2399.92,232.8,50.8,Moderate (Tier C)
Healthcare,273780.2,63.9,0.8,11944.1,365,4.77,5153.0,4158.2,52.6,8767.2,852.63,275.1,64.1,Efficient (Tier B)
Manufacturing,536982.9,12.7,0.73,23486.0,250,2.01,32202.5,6886.0,59.6,22396.4,3448.66,274.4,31.0,High Risk (Tier D)
Commercial Office,127003.5,55.4,0.64,14412.6,240,3.93,7769.3,573.5,68.7,5553.6,526.04,105.7,63.1,Efficient (Tier B)
Commercial Office,63773.8,40.4,0.72,4784.9,260,3.29,4121.5,542.6,54.6,1185.0,321.27,159.9,55.2,Efficient (Tier B)
Logistics Hub,494994.3,32.6,0.42,37584.8,365,3.94,34894.7,13173.3,55.5,4437.4,2959.23,158.0,54.3,Moderate (Tier C)
Manufacturing,777195.0,15.1,0.7,19461.9,250,4.46,37992.1,13931.0,52.7,8784.6,4326.9,479.2,37.1,Moderate (Tier C)
Logistics Hub,408229.2,80.0,0.7,56511.8,280,3.32,42092.4,12889.4,51.8,3309.1,1978.34,86.7,68.2,Efficient (Tier B)
Healthcare,424526.4,12.1,0.9,10277.1,365,4.43,13074.5,4054.9,62.2,14537.5,2194.47,495.7,38.0,Moderate (Tier C)
Manufacturing,883669.4,34.3,0.76,53596.2,300,3.67,8101.3,11663.3,77.3,22803.2,3506.97,197.9,51.8,Moderate (Tier C)
Manufacturing,1225302.4,19.7,0.61,46434.6,350,2.0,21209.0,2479.2,41.3,48835.0,6425.24,316.7,29.1,High Risk (Tier D)
Healthcare,1553679.5,36.7,0.7,40191.8,365,2.94,11303.8,2831.7,39.0,49945.8,6356.73,463.9,35.7,Moderate (Tier C)
Manufacturing,1473113.0,72.1,0.87,39328.4,350,1.95,16282.4,10274.5,21.7,43891.0,3843.92,449.5,38.6,Moderate (Tier C)
Healthcare,1252516.9,23.2,0.86,44633.2,365,3.16,2817.7,2767.4,28.5,60023.6,6518.25,336.7,35.0,Moderate (Tier C)
Commercial Office,580721.3,41.1,0.45,27474.5,260,4.67,7077.4,600.8,51.0,6835.9,2185.44,253.6,55.4,Efficient (Tier B)
Manufacturing,1331098.7,15.6,0.74,33452.4,250,4.45,7399.2,7855.5,59.7,33340.6,6512.89,477.5,34.0,High Risk (Tier D)
Healthcare,702819.0,35.0,0.73,16860.2,365,3.46,9776.5,1754.5,39.5,12027.7,2746.28,500.2,37.4,Moderate (Tier C)
Data Center,954069.3,93.6,0.84,20746.3,360,4.13,4604.9,1943.0,71.4,12316.8,691.5,551.8,68.4,Efficient (Tier B)
Commercial Office,226289.0,77.1,0.49,14392.9,260,2.6,5911.1,248.7,54.3,3461.3,560.73,188.7,63.1,Efficient (Tier B)
Data Center,563399.6,69.4,0.92,9472.7,360,3.85,2240.5,1578.1,58.8,6917.6,1074.15,713.7,57.1,Efficient (Tier B)
Commercial Office,141387.1,49.7,0.51,14129.0,240,2.82,2147.6,1256.7,52.2,1592.9,674.88,120.1,53.6,Moderate (Tier C)
Manufacturing,1555742.8,70.2,0.89,60656.9,300,4.12,10387.0,12171.7,76.9,50553.3,3340.15,307.8,63.6,Efficient (Tier B)
Data Center,1215531.7,31.6,0.75,25311.0,365,4.98,2284.4,1983.7,44.9,7430.2,4768.61,576.3,47.9,Moderate (Tier C)
Healthcare,707701.4,33.5,0.86,18054.3,365,4.36,10203.9,3472.6,66.3,21296.4,2921.17,470.4,38.0,Moderate (Tier C)
Data Center,1251182.1,36.6,0.83,25315.7,365,3.04,4896.2,320.0,72.3,18706.6,4086.28,593.1,40.7,Moderate (Tier C)
Commercial Office,209611.5,24.0,0.61,21020.8,260,3.69,2995.7,764.0,82.2,6238.7,1006.72,119.7,58.5,Efficient (Tier B)
Data Center,898846.5,30.8,0.87,28376.1,360,4.03,1608.1,1754.7,81.4,11018.2,3322.74,380.1,46.6,Moderate (Tier C)
Logistics Hub,136964.0,67.6,0.53,16143.5,320,4.07,30041.9,16337.5,62.8,2792.5,994.94,101.8,69.2,Efficient (Tier B)
Manufacturing,756742.4,41.2,0.71,24198.5,350,4.23,33925.7,2349.2,51.5,7762.6,3163.37,375.3,47.0,Moderate (Tier C)
Healthcare,672173.0,22.2,0.9,24390.7,365,3.34,8370.5,2905.4,70.5,14324.0,3289.19,330.7,44.0,Moderate (Tier C)
Commercial Office,280795.5,28.9,0.76,26031.8,260,2.75,6438.0,509.8,74.7,2889.9,1272.86,129.4,50.9,Moderate (Tier C)
Manufacturing,1496041.7,26.4,0.76,36333.2,300,3.64,17298.0,8712.7,23.2,41400.2,7053.38,494.1,28.3,High Risk (Tier D)
Manufacturing,2081432.3,26.2,0.89,53915.8,300,2.32,37287.2,9889.9,28.6,25527.5,8797.93,463.3,26.8,High Risk (Tier D)
Manufacturing,736569.3,51.8,0.79,34892.9,300,3.35,28374.1,6435.3,45.2,21538.2,2680.96,253.3,53.4,Moderate (Tier C)
Commercial Office,124236.8,55.0,0.73,9143.2,260,3.44,894.4,1421.2,33.7,1757.2,546.59,163.1,50.7,Moderate (Tier C)
Data Center,1856983.9,61.8,0.75,32978.9,365,3.8,4920.8,822.0,55.1,13959.0,4256.05,675.7,58.5,Efficient (Tier B)
Logistics Hub,422068.0,57.4,0.44,60407.1,365,4.36,58619.9,5755.3,62.5,4960.1,2132.54,83.8,69.4,Efficient (Tier B)
Data Center,150896.7,88.6,0.92,5554.0,360,3.21,2438.5,807.3,53.6,3296.6,238.75,326.0,62.1,Efficient (Tier B)
Manufacturing,2795051.8,41.9,0.87,65590.2,350,2.09,44656.1,4929.6,54.9,31397.8,10085.67,511.4,34.6,High Risk (Tier D)
Commercial Office,269214.5,17.9,0.63,14315.0,260,4.25,4232.3,759.7,61.9,4341.5,1403.17,225.7,45.6,Moderate (Tier C)
Logistics Hub,724386.1,70.8,0.58,40897.6,320,4.46,23969.6,4913.6,58.3,9074.6,1888.21,212.5,66.1,Efficient (Tier B)
Manufacturing,1740160.3,71.9,0.82,43423.5,300,1.85,24188.0,12306.9,77.2,48037.3,3567.17,480.9,46.1,Moderate (Tier C)
Manufacturing,1351810.8,36.8,0.83,47702.8,300,4.2,25946.4,8444.1,66.4,27573.6,5561.68,340.1,43.5,Moderate (Tier C)
Manufacturing,746283.6,72.6,0.76,36158.0,250,2.58,12467.4,6876.8,72.6,34621.4,1781.49,247.7,59.9,Efficient (Tier B)
Logistics Hub,519755.9,57.3,0.42,76122.6,280,2.58,42823.0,5834.5,35.9,9030.8,3075.58,81.9,47.3,Moderate (Tier C)
Commercial Office,49307.1,54.2,0.8,5563.0,240,3.52,3850.4,970.6,46.8,584.6,290.42,106.4,58.8,Efficient (Tier B)
Commercial Office,25077.4,37.3,0.55,2037.0,260,2.99,4116.6,1263.7,85.5,747.9,144.37,147.7,53.2,Moderate (Tier C)
Logistics Hub,607254.0,49.5,0.49,44301.7,280,3.92,38073.6,17029.9,83.2,8746.3,2161.96,164.5,65.7,Efficient (Tier B)
Logistics Hub,781583.2,51.6,0.49,58261.2,280,4.1,50397.6,9103.0,54.0,14434.3,3796.97,161.0,53.6,Moderate (Tier C)
Commercial Office,462653.9,46.3,0.71,25395.1,240,4.55,4266.4,1649.8,81.1,4136.2,1487.32,218.6,58.7,Efficient (Tier B)
Healthcare,472621.2,54.5,0.73,15878.8,365,3.1,5766.3,2010.4,37.4,22483.6,1854.54,357.2,40.0,Moderate (Tier C)
Manufacturing,933853.1,6.6,0.76,59617.0,300,2.84,34535.7,11290.6,80.5,50455.4,5614.59,188.0,42.1,Moderate (Tier C)
Manufacturing,875094.9,11.0,0.85,54605.2,250,2.56,7947.7,13297.1,76.5,40658.3,5002.96,192.3,39.9,Moderate (Tier C)
Data Center,429365.1,15.8,0.77,13365.0,360,3.94,917.9,1623.3,69.6,3278.3,2071.41,385.5,41.7,Moderate (Tier C)
Manufacturing,310857.9,25.4,0.73,20408.3,250,2.74,12603.4,9821.3,55.4,6660.0,1836.39,182.8,42.0,Moderate (Tier C)
Commercial Office,153452.2,23.9,0.49,9765.4,260,3.75,6046.6,1552.0,75.8,2125.3,757.3,188.6,51.2,Moderate (Tier C)
Healthcare,824096.2,40.7,0.78,21460.1,365,4.28,13794.8,5589.4,34.6,21215.8,3657.12,460.8,38.5,Moderate (Tier C)
Manufacturing,2035395.9,10.0,0.64,70827.0,350,2.14,25101.3,8735.3,81.3,42778.1,9815.39,344.9,29.0,High Risk (Tier D)
Manufacturing,2420748.6,66.9,0.71,60268.0,350,2.4,43087.0,13502.9,79.7,57396.1,5437.39,482.0,48.0,Moderate (Tier C)
Commercial Office,274347.6,59.4,0.6,16323.6,260,3.81,1624.8,1981.4,71.5,3260.4,798.58,201.7,56.4,Efficient (Tier B)
Healthcare,1672370.1,16.2,0.8,40894.6,365,3.58,8541.7,4797.4,41.2,55833.3,8361.5,490.7,27.4,High Risk (Tier D)
Data Center,1134389.2,72.0,0.78,28283.5,365,4.68,1626.8,1799.0,59.1,18479.5,2420.23,481.3,61.4,Efficient (Tier B)
Commercial Office,454691.4,89.3,0.75,26854.4,240,4.1,6058.3,721.8,49.3,5457.6,871.38,203.2,70.9,Efficient (Tier B)
Manufacturing,1699246.1,43.4,0.84,59452.1,250,4.2,27418.3,9000.7,32.9,43415.3,7234.08,343.0,43.9,Moderate (Tier C)
Manufacturing,2045723.1,57.3,0.77,45546.3,300,1.94,32318.5,5012.9,56.6,34146.2,5587.4,539.0,35.4,Moderate (Tier C)
Healthcare,273059.8,14.1,0.7,11082.2,365,3.32,9350.2,3420.6,29.4,6909.5,1877.32,295.7,25.3,High Risk (Tier D)
Healthcare,1408788.3,51.3,0.87,44422.1,365,4.5,8649.8,4474.8,35.0,27187.5,4657.43,380.6,41.3,Moderate (Tier C)
Manufacturing,1122222.0,21.2,0.83,64084.0,300,3.27,17560.3,5257.0,79.6,56474.1,4995.71,210.1,46.1,Moderate (Tier C)
Healthcare,850363.4,13.3,0.83,23023.6,365,4.17,13744.2,2001.9,68.3,11388.9,4499.48,443.2,42.6,Moderate (Tier C)
Commercial Office,357909.5,48.4,0.69,29252.0,260,3.98,5877.3,1498.2,48.1,4182.8,1585.67,146.8,58.0,Efficient (Tier B)
Healthcare,1099889.5,18.4,0.84,26339.5,365,2.97,13574.0,3253.2,56.9,32088.0,5353.87,501.1,33.2,High Risk (Tier D)
Commercial Office,121823.2,71.5,0.46,8617.1,240,3.34,4851.3,563.2,70.2,2934.9,345.96,169.6,61.7,Efficient (Tier B)
Commercial Office,205207.9,54.2,0.58,15649.2,260,3.02,5108.2,167.2,27.8,5939.4,987.47,157.4,50.1,Moderate (Tier C)
Commercial Office,105189.6,30.9,0.59,11590.0,240,3.82,7005.9,1237.8,61.1,4384.4,689.19,108.9,53.1,Moderate (Tier C)
Commercial Office,78770.9,59.5,0.65,5523.5,260,3.02,5296.0,1196.8,56.9,1215.4,313.16,171.1,54.0,Moderate (Tier C)
Manufacturing,944464.7,65.6,0.8,29726.5,300,3.06,7307.3,4236.9,77.4,23913.7,2082.25,381.3,54.5,Moderate (Tier C)
Manufacturing,401089.0,23.3,0.77,14546.4,300,3.0,7779.5,7819.3,79.9,10503.2,1746.85,330.9,39.7,Moderate (Tier C)
Data Center,968636.5,61.8,0.73,17533.8,365,4.19,3060.7,264.2,50.5,8909.1,2298.62,662.9,47.5,Moderate (Tier C)
Logistics Hub,436596.7,77.6,0.56,32766.4,365,3.92,48407.1,10973.7,51.7,7521.0,1434.42,159.9,68.0,Efficient (Tier B)
Manufacturing,1824110.1,54.8,0.72,52317.2,350,2.53,37772.8,10528.0,47.2,61914.7,6037.05,418.4,36.0,Moderate (Tier C)
Commercial Office,474376.1,63.5,0.7,21570.0,260,2.64,3301.4,286.2,49.3,6017.8,1450.36,263.9,44.8,Moderate (Tier C)
Healthcare,1144477.0,28.9,0.76,35486.5,365,3.61,7604.4,5833.0,60.4,40793.4,5034.32,387.0,36.2,Moderate (Tier C)
Manufacturing,590688.3,16.8,0.74,31467.4,350,1.93,12839.1,8983.3,27.1,31703.5,3880.84,225.3,32.0,High Risk (Tier D)
Commercial Office,282017.1,57.0,0.78,22980.1,240,2.7,2534.2,1942.6,35.8,6176.6,1354.5,147.3,54.0,Moderate (Tier C)
Data Center,581001.6,56.9,0.77,13434.6,365,4.35,2406.6,1119.5,93.9,4412.9,1399.94,519.0,53.6,Moderate (Tier C)
Healthcare,290420.9,22.1,0.71,10717.5,365,3.3,6923.2,5054.2,49.9,15048.9,1688.31,325.2,35.3,Moderate (Tier C)
Manufacturing,1575609.9,17.4,0.73,51398.4,350,2.42,11293.5,9383.9,55.5,61451.2,8050.77,367.9,27.3,High Risk (Tier D)
Commercial Office,112824.3,22.3,0.55,5352.4,240,2.63,4448.9,1394.6,40.6,1917.3,560.43,253.0,32.7,High Risk (Tier D)
Logistics Hub,673402.1,73.3,0.73,41425.0,365,4.44,35918.8,17576.6,30.8,3700.0,2870.64,195.1,61.6,Efficient (Tier B)
Healthcare,861524.8,67.7,0.78,28176.2,365,3.91,7057.4,5990.6,73.8,41536.2,2055.3,366.9,60.5,Efficient (Tier B)
Commercial Office,528629.4,29.2,0.76,24204.3,240,3.75,4052.2,2391.1,77.5,3552.2,2107.87,262.1,52.6,Moderate (Tier C)
Commercial Office,178522.1,87.5,0.55,9303.3,260,3.25,4869.7,860.6,68.6,2634.6,283.26,230.3,70.0,Efficient (Tier B)
Commercial Office,256465.7,62.7,0.65,12154.5,260,4.04,6742.0,1477.2,44.4,2914.7,834.47,253.2,58.2,Efficient (Tier B)
Healthcare,522582.6,55.1,0.71,14756.1,365,2.96,2007.2,3963.3,40.6,11780.7,1650.22,425.0,41.5,Moderate (Tier C)
Commercial Office,213818.3,44.6,0.68,15608.1,240,2.91,2713.7,1576.7,60.1,3318.0,857.7,164.4,50.3,Moderate (Tier C)
Manufacturing,582342.6,67.6,0.72,15669.6,350,4.43,18774.7,9778.6,75.0,10236.2,1540.93,446.0,55.4,Efficient (Tier B)
Healthcare,631758.0,48.0,0.67,16940.1,365,4.73,6536.9,5125.6,74.1,12709.7,1975.86,447.5,50.1,Moderate (Tier C)
Commercial Office,271997.7,67.4,0.64,26549.0,260,4.64,6877.7,262.4,35.5,10567.0,1206.4,122.9,64.7,Efficient (Tier B)
Commercial Office,24410.8,65.2,0.74,2347.7,240,2.57,3357.1,1078.1,49.0,576.4,137.57,124.8,55.6,Efficient (Tier B)
Manufacturing,991039.0,49.7,0.89,23853.9,350,3.28,18668.1,5323.9,32.4,14363.3,3595.29,498.6,34.3,High Risk (Tier D)
Commercial Office,400327.1,67.9,0.56,27560.1,240,2.58,2512.8,1227.2,50.6,3389.4,1383.97,174.3,51.7,Moderate (Tier C)
Data Center,331059.7,48.3,0.88,13180.0,360,3.04,1251.8,1953.5,44.3,7604.3,1268.62,301.4,42.3,Moderate (Tier C)
Commercial Office,206036.9,38.9,0.68,20750.5,260,4.26,4982.7,2324.8,82.7,4555.0,863.96,119.2,67.2,Efficient (Tier B)
Manufacturing,252025.5,33.1,0.62,13200.9,350,1.83,39466.3,7415.2,32.1,4008.1,1677.29,229.1,32.7,High Risk (Tier D)
Commercial Office,341171.0,31.3,0.62,19483.2,240,3.98,3481.4,1116.2,70.1,7360.7,1566.66,210.1,50.5,Moderate (Tier C)
Healthcare,1471397.7,12.0,0.83,34169.9,365,3.97,13732.8,5111.5,40.5,40609.3,7768.65,516.7,31.0,High Risk (Tier D)
Manufacturing,1566276.8,60.0,0.7,51072.8,300,3.29,16436.7,4796.0,51.7,33660.2,4528.38,368.0,43.3,Moderate (Tier C)
Healthcare,366995.3,61.3,0.77,16010.2,365,4.39,10486.6,2007.2,29.8,14095.0,1313.55,275.1,52.3,Moderate (Tier C)
Data Center,785422.0,22.9,0.73,20962.4,360,4.77,1883.2,1445.6,62.0,13662.7,3506.81,449.6,39.0,Moderate (Tier C)
Healthcare,747274.6,43.9,0.73,25864.2,365,4.17,4806.3,4488.8,53.6,36948.3,2888.05,346.7,49.8,Moderate (Tier C)
Logistics Hub,316330.3,37.4,0.5,19480.6,280,2.58,54613.4,4937.6,51.9,4354.0,1586.59,194.9,42.8,Moderate (Tier C)
Commercial Office,368030.2,49.3,0.76,17198.3,260,4.48,1682.3,1334.3,47.1,4800.8,1371.65,256.8,55.1,Efficient (Tier B)
Logistics Hub,410869.3,21.6,0.55,45407.9,320,2.9,59719.7,10899.6,83.7,7472.9,2644.01,108.6,53.2,Moderate (Tier C)
Healthcare,409634.4,64.6,0.71,16556.8,365,4.64,11137.0,4796.7,63.4,13489.5,1158.92,296.9,60.2,Efficient (Tier B)
Data Center,1623087.0,62.2,0.79,27517.9,365,4.48,4264.0,298.5,43.8,18316.7,3754.89,707.8,53.7,Moderate (Tier C)
Data Center,564896.8,42.9,0.88,20257.3,360,3.77,3525.8,1079.8,45.2,5136.6,2038.49,334.6,50.6,Moderate (Tier C)
Commercial Office,59465.4,29.3,0.51,7341.0,260,2.68,3074.5,1749.1,60.9,1832.1,420.28,97.2,45.1,Moderate (Tier C)
Logistics Hub,417757.6,26.4,0.68,41483.3,365,3.11,42942.6,9964.8,34.4,9453.1,3219.33,120.8,38.6,Moderate (Tier C)
Logistics Hub,880571.1,17.4,0.53,53307.7,320,2.96,40131.2,15015.1,51.4,11909.3,4981.6,198.2,34.9,High Risk (Tier D)
Logistics Hub,308423.1,79.3,0.64,56576.9,320,3.25,35872.0,12527.7,51.8,2902.3,1712.87,65.4,70.1,Efficient (Tier B)
Data Center,1331077.7,89.1,0.73,30442.8,360,3.78,1708.8,1971.9,83.4,21691.1,1138.84,524.7,70.5,Efficient (Tier B)
Logistics Hub,342591.2,31.0,0.47,44662.6,280,3.81,39066.8,12348.6,32.9,5947.2,2702.66,92.0,55.5,Efficient (Tier B)
Manufacturing,2182343.1,32.6,0.8,58378.3,250,3.7,35168.0,4909.1,69.8,26370.9,8813.63,448.6,44.8,Moderate (Tier C)
Commercial Office,395516.3,54.5,0.72,28286.3,240,4.61,7225.6,2308.0,39.3,10531.5,1672.73,167.8,63.7,Efficient (Tier B)
Manufacturing,1324787.5,56.4,0.68,61873.0,300,2.13,12361.2,13452.3,24.7,59667.4,5675.28,256.9,40.3,Moderate (Tier C)
Data Center,1291267.4,73.9,0.86,31859.0,360,4.15,2585.0,1388.3,91.8,21561.4,1987.04,486.4,66.1,Efficient (Tier B)
Data Center,546114.6,11.1,0.84,16947.7,360,4.97,2767.2,1020.4,73.5,4159.7,2610.85,386.7,45.0,Moderate (Tier C)
Data Center,266810.9,73.5,0.7,6963.9,365,3.23,1809.9,433.1,51.1,4915.0,507.71,459.8,47.5,Moderate (Tier C)
Commercial Office,248845.0,62.9,0.66,11556.7,240,2.6,4518.7,1795.0,56.0,1608.2,764.33,258.4,55.4,Efficient (Tier B)
Data Center,1734879.6,69.7,0.86,34620.3,360,3.71,4422.4,756.0,95.0,18272.1,2731.24,601.3,64.3,Efficient (Tier B)
Data Center,722047.1,38.6,0.91,18058.7,360,3.98,4289.0,1055.5,74.4,11394.6,2649.61,479.8,44.7,Moderate (Tier C)
Manufacturing,1102817.0,44.6,0.86,42394.1,300,4.44,32119.9,6887.0,26.2,13712.5,4484.44,312.2,48.7,Moderate (Tier C)
Data Center,1541864.4,59.1,0.82,30033.5,360,4.33,1420.3,948.3,73.1,15748.7,3664.29,616.1,60.5,Efficient (Tier B)
Manufacturing,1194895.7,22.6,0.72,51608.5,250,2.44,35967.6,4880.5,45.7,49347.7,6102.65,277.8,33.4,High Risk (Tier D)
Manufacturing,1651371.6,66.2,0.71,73905.5,250,2.59,28889.8,10607.7,53.6,51928.4,4807.85,268.1,49.8,Moderate (Tier C)
Commercial Office,100925.8,83.3,0.61,6039.1,260,3.92,5637.7,574.6,77.9,2088.3,171.53,200.5,77.2,Leader (Tier A)
Commercial Office,170934.6,88.9,0.77,10543.1,240,2.51,2009.4,1517.1,55.2,1568.1,341.2,194.6,62.6,Efficient (Tier B)
Commercial Office,191854.1,21.2,0.55,18726.2,260,4.58,1829.3,1737.4,43.5,4852.7,1103.29,122.9,50.5,Moderate (Tier C)
Commercial Office,330296.6,85.4,0.7,16570.4,240,2.53,4259.1,1774.1,54.8,2019.1,592.28,239.2,55.0,Efficient (Tier B)
Data Center,953430.6,18.4,0.94,33152.5,360,4.18,2973.6,340.6,87.0,25391.4,4093.62,345.1,37.7,Moderate (Tier C)
Healthcare,336938.2,14.3,0.65,8011.5,365,4.32,6702.0,4638.7,62.2,6745.0,1762.09,504.7,44.1,Moderate (Tier C)
